0,A
1,AA
2,AAL
3,AAMC
4,AAME
5,AAN
6,AAOI
7,AAON
8,AAP
9,AAPL
10,AAT
11,AAU
12,AAWW
13,AAXN
14,ABBV
15,ABC
16,ABCB
17,ABEO
18,ABG
19,ABIO
20,ABM
21,ABMD
22,ABR
23,ABT
24,ABTX
25,ABUS
26,AC
27,ACA
28,ACAD
29,ACAM
30,ACB
31,ACBI
32,ACC
33,ACCD
34,ACCO
35,ACEL
36,ACER
37,ACGL
38,ACHC
39,ACHV
40,ACI
41,ACIA
42,ACIU
43,ACIW
44,ACLS
45,ACM
46,ACMR
47,ACN
48,ACNB
49,ACOR
50,ACP
51,ACRE
52,ACRS
53,ACRX
54,ACST
55,ACTG
56,ACU
57,ACV
58,ACY
59,ADBE
60,ADC
61,ADCT
62,ADES
63,ADI
64,ADIL
65,ADM
66,ADMA
67,ADMP
68,ADMS
69,ADNT
70,ADP
71,ADPT
72,ADRO
73,ADS
74,ADSK
75,ADSW
76,ADT
77,ADTN
78,ADTX
79,ADUS
80,ADVM
81,ADX
82,ADXS
83,AE
84,AEE
85,AEF
86,AEGN
87,AEHR
88,AEIS
89,AEL
90,AEM
91,AEMD
92,AEO
93,AEP
94,AER
95,AERI
96,AES
97,AESE
98,AEY
99,AEYE
100,AEZS
101,AFB
102,AFG
103,AFI
104,AFIN
105,AFL
106,AFMD
107,AFT
108,AFYA
109,AG
110,AGBA
111,AGCO
112,AGD
113,AGE
114,AGEN
115,AGFS
116,AGI
117,AGIO
118,AGLE
119,AGM
120,AGM.A
121,AGMH
122,AGNC
123,AGO
124,AGR
125,AGRO
126,AGRX
127,AGS
128,AGTC
129,AGX
130,AGYS
131,AHC
132,AHCO
133,AHH
134,AHPI
135,AHT
136,AI
137,AIF
138,AIG
139,AIHS
140,AIKI
141,AIM
142,AIMC
143,AIMT
144,AIN
145,AINC
146,AINV
147,AIO
148,AIR
149,AIRG
150,AIRI
151,AIRT
152,AIT
153,AIV
154,AIZ
155,AJG
156,AJRD
157,AJX
158,AKAM
159,AKBA
160,AKCA
161,AKER
162,AKR
163,AKRO
164,AKTS
165,AKUS
166,AL
167,ALAC
168,ALB
169,ALBO
170,ALC
171,ALCO
172,ALDX
173,ALE
174,ALEC
175,ALEX
176,ALG
177,ALGN
178,ALGT
179,ALIM
180,ALJJ
181,ALK
182,ALKS
183,ALL
184,ALLE
185,ALLK
186,ALLO
187,ALLT
188,ALLY
189,ALNA
190,ALNY
191,ALOT
192,ALPN
193,ALRM
194,ALRN
195,ALRS
196,ALSK
197,ALSN
198,ALT
199,ALTA
200,ALTG
201,ALTM
202,ALTR
203,ALUS
204,ALV
205,ALX
206,ALXN
207,ALYA
208,AM
209,AMAG
210,AMAL
211,AMAT
212,AMBA
213,AMBC
214,AMC
215,AMCI
216,AMCR
217,AMCX
218,AMD
219,AME
220,AMED
221,AMEH
222,AMG
223,AMGN
224,AMH
225,AMHC
226,AMK
227,AMKR
228,AMN
229,AMNB
230,AMOT
231,AMP
232,AMPE
233,AMPH
234,AMPY
235,AMRB
236,AMRC
237,AMRH
238,AMRK
239,AMRS
240,AMRX
241,AMS
242,AMSC
243,AMSF
244,AMSWA
245,AMT
246,AMTB
247,AMTBB
248,AMTD
249,AMTI
250,AMTX
251,AMWD
252,AMZN
253,AN
254,ANAB
255,ANAT
256,ANDA
257,ANDE
258,ANET
259,ANF
260,ANGI
261,ANGO
262,ANH
263,ANIK
264,ANIP
265,ANIX
266,ANSS
267,ANTM
268,ANVS
269,ANY
270,AOD
271,AON
272,AOS
273,AOSL
274,AP
275,APA
276,APAM
277,APD
278,APDN
279,APEI
280,APEN
281,APEX
282,APG
283,APH
284,APHA
285,APLE
286,APLS
287,APLT
288,APM
289,APO
290,APOG
291,APPF
292,APPN
293,APPS
294,APRE
295,APRN
296,APT
297,APTO
298,APTS
299,APTV
300,APTX
301,APVO
302,APWC
303,APXT
304,APYX
305,AQB
306,AQMS
307,AQN
308,AQST
309,AQUA
310,AR
311,ARA
312,ARAV
313,ARAY
314,ARC
315,ARCB
316,ARCC
317,ARCE
318,ARCH
319,ARCO
320,ARCT
321,ARD
322,ARDC
323,ARDS
324,ARDX
325,ARE
326,AREC
327,ARES
328,ARGO
329,ARI
330,ARKR
331,ARL
332,ARLO
333,ARMK
334,ARMP
335,ARNA
336,ARNC
337,AROC
338,AROW
339,ARPO
340,ARQT
341,ARR
342,ARTL
343,ARTNA
344,ARTW
345,ARVN
346,ARW
347,ARWR
348,ARYA
349,ASA
350,ASB
351,ASC
352,ASFI
353,ASG
354,ASGN
355,ASH
356,ASIX
357,ASM
358,ASMB
359,ASPN
360,ASPS
361,ASPU
362,ASRT
363,ASRV
364,ASTC
365,ASTE
366,ASUR
367,ASYS
368,AT
369,ATCO
370,ATCX
371,ATEC
372,ATEN
373,ATEX
374,ATGE
375,ATH
376,ATHX
377,ATI
378,ATIF
379,ATKR
380,ATLC
381,ATLO
382,ATNI
383,ATNM
384,ATNX
385,ATO
386,ATOM
387,ATOS
388,ATR
389,ATRA
390,ATRC
391,ATRI
392,ATRO
393,ATRS
394,ATSG
395,ATTO
396,ATUS
397,ATVI
398,ATXI
399,AUB
400,AUBN
401,AUDC
402,AUG
403,AUMN
404,AUPH
405,AUTO
406,AUY
407,AVA
408,AVAV
409,AVB
410,AVCO
411,AVCT
412,AVD
413,AVEO
414,AVGO
415,AVGR
416,AVID
417,AVK
418,AVLR
419,AVNS
420,AVNW
421,AVRO
422,AVT
423,AVTR
424,AVXL
425,AVY
426,AVYA
427,AWF
428,AWH
429,AWI
430,AWK
431,AWP
432,AWR
433,AWRE
434,AWX
435,AX
436,AXAS
437,AXDX
438,AXGN
439,AXGT
440,AXL
441,AXLA
442,AXNX
443,AXP
444,AXR
445,AXS
446,AXSM
447,AXTA
448,AXTI
449,AXU
450,AY
451,AYI
452,AYLA
453,AYRO
454,AYTU
455,AYX
456,AZEK
457,AZO
458,AZPN
459,AZRE
460,AZRX
461,AZZ
462,B
463,BA
464,BAC
465,BAF
466,BAH
467,BAM
468,BANC
469,BAND
470,BANF
471,BANR
472,BANX
473,BAP
474,BASI
475,BATL
476,BATRA
477,BATRK
478,BAX
479,BB
480,BBBY
481,BBCP
482,BBDC
483,BBF
484,BBGI
485,BBI
486,BBIO
487,BBK
488,BBN
489,BBQ
490,BBSI
491,BBW
492,BBX
493,BBY
494,BC
495,BCBP
496,BCC
497,BCDA
498,BCE
499,BCEI
500,BCEL
501,BCLI
502,BCML
503,BCO
504,BCOR
505,BCOV
506,BCOW
507,BCPC
508,BCRX
509,BCSF
510,BCV
511,BCX
512,BDC
513,BDGE
514,BDJ
515,BDL
516,BDN
517,BDR
518,BDSI
519,BDTX
520,BDX
521,BE
522,BEAM
523,BEAT
524,BECN
525,BELFA
526,BELFB
527,BEN
528,BERY
529,BF.A
530,BF.B
531,BFAM
532,BFC
533,BFIN
534,BFK
535,BFO
536,BFS
537,BFST
538,BFY
539,BFZ
540,BG
541,BGB
542,BGCP
543,BGFV
544,BGH
545,BGI
546,BGIO
547,BGR
548,BGS
549,BGSF
550,BGT
551,BGX
552,BGY
553,BH
554,BH.A
555,BHAT
556,BHB
557,BHC
558,BHE
559,BHF
560,BHK
561,BHLB
562,BHR
563,BHTG
564,BHV
565,BHVN
566,BIF
567,BIG
568,BIIB
569,BILL
570,BIMI
571,BIO
572,BIO.B
573,BIOC
574,BIOL
575,BIOX
576,BIPC
577,BIT
578,BJ
579,BJRI
580,BK
581,BKCC
582,BKD
583,BKE
584,BKH
585,BKI
586,BKK
587,BKN
588,BKNG
589,BKR
590,BKSC
591,BKT
592,BKTI
593,BKU
594,BKYI
595,BL
596,BLBD
597,BLCM
598,BLD
599,BLDP
600,BLDR
601,BLE
602,BLFS
603,BLIN
604,BLK
605,BLKB
606,BLL
607,BLMN
608,BLNK
609,BLPH
610,BLU
611,BLUE
612,BLW
613,BLX
614,BMCH
615,BME
616,BMEZ
617,BMI
618,BMO
619,BMRA
620,BMRC
621,BMRG
622,BMRN
623,BMTC
624,BMY
625,BNED
626,BNFT
627,BNGO
628,BNS
629,BNSO
630,BNTC
631,BNY
632,BOCH
633,BOE
634,BOH
635,BOKF
636,BOMN
637,BOOM
638,BOOT
639,BORR
640,BOSC
641,BOTJ
642,BOX
643,BOXL
644,BPFH
645,BPMC
646,BPOP
647,BPRN
648,BPTH
649,BPYU
650,BQH
651,BR
652,BRBR
653,BRBS
654,BRC
655,BREW
656,BRG
657,BRID
658,BRK.A
659,BRK.B
660,BRKL
661,BRKR
662,BRKS
663,BRMK
664,BRN
665,BRO
666,BROG
667,BRP
668,BRPA
669,BRQS
670,BRT
671,BRX
672,BRY
673,BSBK
674,BSD
675,BSE
676,BSET
677,BSGM
678,BSIG
679,BSL
680,BSQR
681,BSRR
682,BST
683,BSTC
684,BSTZ
685,BSVN
686,BSX
687,BTA
688,BTAI
689,BTE
690,BTG
691,BTN
692,BTO
693,BTT
694,BTU
695,BTZ
696,BUI
697,BURL
698,BUSE
699,BV
700,BW
701,BWA
702,BWB
703,BWEN
704,BWFG
705,BWG
706,BWL.A
707,BWMX
708,BWXT
709,BX
710,BXC
711,BXG
712,BXMT
713,BXMX
714,BXP
715,BXRX
716,BXS
717,BY
718,BYD
719,BYFC
720,BYM
721,BYND
722,BYSI
723,BZH
724,BZM
725,C
726,CAAP
727,CAAS
728,CABA
729,CABO
730,CAC
731,CACC
732,CACI
733,CADE
734,CAE
735,CAF
736,CAG
737,CAH
738,CAI
739,CAKE
740,CAL
741,CALA
742,CALB
743,CALM
744,CALX
745,CAMP
746,CAMT
747,CAPR
748,CAR
749,CARA
750,CARE
751,CARG
752,CARR
753,CARS
754,CARV
755,CASA
756,CASH
757,CASI
758,CASS
759,CASY
760,CAT
761,CATB
762,CATC
763,CATM
764,CATO
765,CATY
766,CB
767,CBAN
768,CBAT
769,CBAY
770,CBB
771,CBFV
772,CBH
773,CBIO
774,CBL
775,CBLI
776,CBMB
777,CBMG
778,CBNK
779,CBOE
780,CBPO
781,CBRE
782,CBRL
783,CBSH
784,CBT
785,CBTX
786,CBU
787,CBZ
788,CC
789,CCAC
790,CCAP
791,CCB
792,CCBG
793,CCC
794,CCCL
795,CCD
796,CCEP
797,CCF
798,CCI
799,CCJ
800,CCK
801,CCL
802,CCMP
803,CCNC
804,CCNE
805,CCO
806,CCOI
807,CCRC
808,CCRN
809,CCS
810,CCX
811,CCXI
812,CCXX
813,CDAY
814,CDE
815,CDEV
816,CDK
817,CDLX
818,CDMO
819,CDNA
820,CDNS
821,CDOR
822,CDR
823,CDTX
824,CDW
825,CDXC
826,CDXS
827,CDZI
828,CE
829,CECE
830,CEE
831,CEI
832,CEIX
833,CEL
834,CELC
835,CELH
836,CEM
837,CEMI
838,CEN
839,CENT
840,CENTA
841,CENX
842,CERC
843,CERN
844,CERS
845,CET
846,CETV
847,CETX
848,CEV
849,CEVA
850,CF
851,CFB
852,CFBI
853,CFBK
854,CFFA
855,CFFI
856,CFFN
857,CFG
858,CFMS
859,CFR
860,CFRX
861,CFX
862,CG
863,CGA
864,CGBD
865,CGC
866,CGEN
867,CGIX
868,CGNX
869,CGO
870,CGRO
871,CHAQ
872,CHCI
873,CHCO
874,CHCT
875,CHD
876,CHDN
877,CHE
878,CHEF
879,CHEK
880,CHFS
881,CHGG
882,CHH
883,CHI
884,CHKP
885,CHMA
886,CHMG
887,CHMI
888,CHN
889,CHNG
890,CHNR
891,CHPM
892,CHRA
893,CHRS
894,CHRW
895,CHS
896,CHTR
897,CHUY
898,CHW
899,CHWY
900,CHX
901,CHY
902,CI
903,CIA
904,CIDM
905,CIEN
906,CIF
907,CIGI
908,CII
909,CIIC
910,CIK
911,CIM
912,CINF
913,CIO
914,CIR
915,CIT
916,CIVB
917,CIX
918,CIZN
919,CJJD
920,CKH
921,CKPT
922,CKX
923,CL
924,CLAR
925,CLB
926,CLBK
927,CLBS
928,CLCT
929,CLDB
930,CLDR
931,CLDT
932,CLDX
933,CLEU
934,CLF
935,CLFD
936,CLGX
937,CLH
938,CLI
939,CLIR
940,CLM
941,CLNC
942,CLNE
943,CLNY
944,CLPR
945,CLPS
946,CLPT
947,CLR
948,CLRB
949,CLRO
950,CLS
951,CLSD
952,CLSK
953,CLSN
954,CLUB
955,CLVS
956,CLW
957,CLWT
958,CLX
959,CLXT
960,CM
961,CMA
962,CMBM
963,CMC
964,CMCL
965,CMCO
966,CMCSA
967,CMCT
968,CMD
969,CME
970,CMG
971,CMI
972,CMLS
973,CMO
974,CMP
975,CMPR
976,CMRE
977,CMRX
978,CMS
979,CMT
980,CMTL
981,CMU
982,CNA
983,CNBKA
984,CNC
985,CNCE
986,CNDT
987,CNET
988,CNFR
989,CNHI
990,CNI
991,CNK
992,CNMD
993,CNNB
994,CNNE
995,CNO
996,CNOB
997,CNP
998,CNQ
999,CNR
1000,CNS
1001,CNSL
1002,CNSP
1003,CNST
1004,CNTG
1005,CNTY
1006,CNX
1007,CNXN
1008,CO
1009,COCP
1010,CODA
1011,CODI
1012,CODX
1013,COF
1014,COFS
1015,COG
1016,COHN
1017,COHR
1018,COHU
1019,COKE
1020,COLB
1021,COLD
1022,COLL
1023,COLM
1024,COMM
1025,CONE
1026,CONN
1027,COO
1028,COOP
1029,COP
1030,COR
1031,CORE
1032,CORR
1033,CORT
1034,COST
1035,COTY
1036,COUP
1037,COWN
1038,CP
1039,CPA
1040,CPAA
1041,CPAH
1042,CPB
1043,CPE
1044,CPF
1045,CPG
1046,CPHC
1047,CPHI
1048,CPIX
1049,CPK
1050,CPLG
1051,CPRI
1052,CPRT
1053,CPRX
1054,CPS
1055,CPSH
1056,CPSI
1057,CPSS
1058,CPST
1059,CPT
1060,CPTA
1061,CPZ
1062,CR
1063,CRAI
1064,CRBP
1065,CRD.A
1066,CRD.B
1067,CRDF
1068,CREE
1069,CREG
1070,CREX
1071,CRF
1072,CRHM
1073,CRI
1074,CRIS
1075,CRK
1076,CRL
1077,CRM
1078,CRMD
1079,CRMT
1080,CRNC
1081,CRNT
1082,CRNX
1083,CRON
1084,CROX
1085,CRS
1086,CRSA
1087,CRSP
1088,CRT
1089,CRTX
1090,CRUS
1091,CRVL
1092,CRVS
1093,CRWD
1094,CRWS
1095,CRY
1096,CSBR
1097,CSCO
1098,CSGP
1099,CSGS
1100,CSII
1101,CSIQ
1102,CSL
1103,CSLT
1104,CSOD
1105,CSPI
1106,CSPR
1107,CSQ
1108,CSSE
1109,CSTE
1110,CSTL
1111,CSTM
1112,CSTR
1113,CSU
1114,CSV
1115,CSWC
1116,CSWI
1117,CSX
1118,CTAS
1119,CTB
1120,CTBI
1121,CTEK
1122,CTG
1123,CTHR
1124,CTIB
1125,CTIC
1126,CTLT
1127,CTMX
1128,CTO
1129,CTR
1130,CTRA
1131,CTRE
1132,CTRM
1133,CTRN
1134,CTS
1135,CTSH
1136,CTSO
1137,CTT
1138,CTVA
1139,CTXR
1140,CTXS
1141,CUB
1142,CUBA
1143,CUBE
1144,CUBI
1145,CUE
1146,CULP
1147,CURO
1148,CUTR
1149,CUZ
1150,CVA
1151,CVBF
1152,CVCO
1153,CVCY
1154,CVE
1155,CVEO
1156,CVET
1157,CVGI
1158,CVGW
1159,CVI
1160,CVLT
1161,CVLY
1162,CVM
1163,CVNA
1164,CVR
1165,CVS
1166,CVU
1167,CVV
1168,CVX
1169,CW
1170,CWBC
1171,CWBR
1172,CWCO
1173,CWEN
1174,CWEN.A
1175,CWH
1176,CWK
1177,CWST
1178,CWT
1179,CXDC
1180,CXE
1181,CXH
1182,CXO
1183,CXP
1184,CXW
1185,CYAN
1186,CYBE
1187,CYBR
1188,CYCC
1189,CYCN
1190,CYD
1191,CYH
1192,CYRN
1193,CYRX
1194,CYTK
1195,CZNC
1196,CZR
1197,CZWI
1198,CZZ
1199,D
1200,DAC
1201,DAIO
1202,DAKT
1203,DAL
1204,DAN
1205,DAR
1206,DARE
1207,DB
1208,DBD
1209,DBI
1210,DBL
1211,DBX
1212,DCF
1213,DCI
1214,DCO
1215,DCOM
1216,DCPH
1217,DCTH
1218,DD
1219,DDD
1220,DDF
1221,DDOG
1222,DDS
1223,DE
1224,DEA
1225,DECK
1226,DEI
1227,DELL
1228,DENN
1229,DESP
1230,DEX
1231,DFFN
1232,DFIN
1233,DFNS
1234,DFP
1235,DFPH
1236,DFS
1237,DG
1238,DGICA
1239,DGICB
1240,DGII
1241,DGLY
1242,DGX
1243,DHC
1244,DHF
1245,DHI
1246,DHIL
1247,DHR
1248,DHT
1249,DHX
1250,DHY
1251,DIAX
1252,DIN
1253,DIOD
1254,DIS
1255,DISCA
1256,DISCB
1257,DISCK
1258,DISH
1259,DIT
1260,DJCO
1261,DK
1262,DKNG
1263,DKS
1264,DLA
1265,DLB
1266,DLHC
1267,DLPH
1268,DLPN
1269,DLR
1270,DLTH
1271,DLTR
1272,DLX
1273,DLY
1274,DMAC
1275,DMB
1276,DMF
1277,DMO
1278,DMRC
1279,DMTK
1280,DMYT
1281,DNB
1282,DNI
1283,DNKN
1284,DNLI
1285,DNN
1286,DNOW
1287,DNP
1288,DOC
1289,DOCU
1290,DOGZ
1291,DOMO
1292,DOOO
1293,DOOR
1294,DORM
1295,DOV
1296,DOW
1297,DOX
1298,DPG
1299,DPHC
1300,DPW
1301,DPZ
1302,DRAD
1303,DRE
1304,DRH
1305,DRI
1306,DRIO
1307,DRNA
1308,DRQ
1309,DRRX
1310,DRTT
1311,DS
1312,DSE
1313,DSGX
1314,DSKE
1315,DSL
1316,DSM
1317,DSPG
1318,DSS
1319,DSSI
1320,DSU
1321,DSWL
1322,DSX
1323,DT
1324,DTE
1325,DTEA
1326,DTF
1327,DTIL
1328,DTSS
1329,DUC
1330,DUK
1331,DUOT
1332,DVA
1333,DVAX
1334,DVD
1335,DVN
1336,DWSN
1337,DX
1338,DXC
1339,DXCM
1340,DXLG
1341,DXPE
1342,DXR
1343,DXYN
1344,DY
1345,DYAI
1346,DYFN
1347,DYNT
1348,DZSI
1349,EA
1350,EAD
1351,EAF
1352,EARN
1353,EARS
1354,EAST
1355,EAT
1356,EB
1357,EBAY
1358,EBF
1359,EBIX
1360,EBMT
1361,EBON
1362,EBS
1363,EBSB
1364,EBTC
1365,ECC
1366,ECF
1367,ECHO
1368,ECL
1369,ECOL
1370,ECOM
1371,ECOR
1372,ECPG
1373,ED
1374,EDD
1375,EDF
1376,EDI
1377,EDIT
1378,EDNT
1379,EDRY
1380,EDSA
1381,EDUC
1382,EEA
1383,EEFT
1384,EEX
1385,EFC
1386,EFF
1387,EFL
1388,EFOI
1389,EFR
1390,EFSC
1391,EFT
1392,EFX
1393,EGAN
1394,EGBN
1395,EGF
1396,EGHT
1397,EGLE
1398,EGO
1399,EGOV
1400,EGP
1401,EGRX
1402,EGY
1403,EHC
1404,EHI
1405,EHT
1406,EHTH
1407,EIC
1408,EIDX
1409,EIG
1410,EIGI
1411,EIGR
1412,EIM
1413,EIX
1414,EKSO
1415,EL
1416,ELA
1417,ELAN
1418,ELF
1419,ELLO
1420,ELMD
1421,ELOX
1422,ELS
1423,ELSE
1424,ELTK
1425,ELVT
1426,ELY
1427,EMAN
1428,EMCF
1429,EMD
1430,EME
1431,EMF
1432,EMKR
1433,EML
1434,EMN
1435,EMO
1436,EMR
1437,EMX
1438,ENB
1439,ENDP
1440,ENG
1441,ENLV
1442,ENOB
1443,ENPH
1444,ENR
1445,ENS
1446,ENSG
1447,ENSV
1448,ENTA
1449,ENTG
1450,ENTX
1451,ENV
1452,ENVA
1453,ENX
1454,ENZ
1455,EOD
1456,EOG
1457,EOI
1458,EOLS
1459,EOS
1460,EOT
1461,EPAC
1462,EPAM
1463,EPAY
1464,EPC
1465,EPIX
1466,EPM
1467,EPR
1468,EPRT
1469,EPSN
1470,EPZM
1471,EQ
1472,EQBK
1473,EQC
1474,EQH
1475,EQIX
1476,EQR
1477,EQS
1478,EQT
1479,EQX
1480,ERC
1481,ERF
1482,ERH
1483,ERIE
1484,ERII
1485,EROS
1486,ES
1487,ESBK
1488,ESCA
1489,ESE
1490,ESEA
1491,ESGR
1492,ESI
1493,ESLT
1494,ESNT
1495,ESP
1496,ESPR
1497,ESQ
1498,ESRT
1499,ESS
1500,ESSA
1501,ESSC
1502,ESTA
1503,ESTC
1504,ESTE
1505,ESXB
1506,ETB
1507,ETFC
1508,ETG
1509,ETH
1510,ETJ
1511,ETM
1512,ETN
1513,ETNB
1514,ETO
1515,ETON
1516,ETR
1517,ETRN
1518,ETSY
1519,ETTX
1520,ETV
1521,ETW
1522,ETX
1523,ETY
1524,EURN
1525,EV
1526,EVBG
1527,EVBN
1528,EVC
1529,EVER
1530,EVF
1531,EVFM
1532,EVG
1533,EVGN
1534,EVH
1535,EVI
1536,EVK
1537,EVLO
1538,EVM
1539,EVN
1540,EVOK
1541,EVOL
1542,EVOP
1543,EVR
1544,EVRG
1545,EVRI
1546,EVT
1547,EVTC
1548,EVV
1549,EVY
1550,EW
1551,EWBC
1552,EXAS
1553,EXC
1554,EXD
1555,EXEL
1556,EXFO
1557,EXG
1558,EXK
1559,EXLS
1560,EXP
1561,EXPC
1562,EXPD
1563,EXPE
1564,EXPI
1565,EXPO
1566,EXPR
1567,EXR
1568,EXTN
1569,EXTR
1570,EYE
1571,EYEG
1572,EYEN
1573,EYES
1574,EYPT
1575,EZPW
1576,F
1577,FAF
1578,FAM
1579,FAMI
1580,FANG
1581,FARM
1582,FARO
1583,FAST
1584,FAT
1585,FATE
1586,FAX
1587,FB
1588,FBC
1589,FBHS
1590,FBIO
1591,FBIZ
1592,FBK
1593,FBM
1594,FBMS
1595,FBNC
1596,FBP
1597,FBRX
1598,FBSS
1599,FC
1600,FCAP
1601,FCAU
1602,FCBC
1603,FCBP
1604,FCCO
1605,FCCY
1606,FCEL
1607,FCF
1608,FCFS
1609,FCN
1610,FCNCA
1611,FCO
1612,FCPT
1613,FCT
1614,FCX
1615,FDBC
1616,FDEU
1617,FDP
1618,FDS
1619,FDUS
1620,FDX
1621,FE
1622,FEAC
1623,FEI
1624,FEIM
1625,FELE
1626,FEN
1627,FENC
1628,FEO
1629,FET
1630,FEYE
1631,FF
1632,FFA
1633,FFBC
1634,FFBW
1635,FFC
1636,FFG
1637,FFHL
1638,FFIC
1639,FFIN
1640,FFIV
1641,FFNW
1642,FFWM
1643,FGB
1644,FGBI
1645,FGEN
1646,FHB
1647,FHI
1648,FHN
1649,FI
1650,FIBK
1651,FICO
1652,FIF
1653,FINS
1654,FIS
1655,FISI
1656,FISV
1657,FIT
1658,FITB
1659,FIV
1660,FIVE
1661,FIVN
1662,FIX
1663,FIXX
1664,FIZZ
1665,FL
1666,FLC
1667,FLDM
1668,FLEX
1669,FLGT
1670,FLIC
1671,FLIR
1672,FLL
1673,FLMN
1674,FLNG
1675,FLNT
1676,FLO
1677,FLOW
1678,FLR
1679,FLS
1680,FLT
1681,FLWS
1682,FLXN
1683,FLXS
1684,FMAO
1685,FMBH
1686,FMBI
1687,FMC
1688,FMCI
1689,FMN
1690,FMNB
1691,FMO
1692,FMTX
1693,FMY
1694,FN
1695,FNB
1696,FNCB
1697,FND
1698,FNF
1699,FNHC
1700,FNKO
1701,FNLC
1702,FNV
1703,FNWB
1704,FOCS
1705,FOE
1706,FOF
1707,FOLD
1708,FONR
1709,FOR
1710,FORD
1711,FORK
1712,FORM
1713,FORR
1714,FOSL
1715,FOUR
1716,FOX
1717,FOXA
1718,FOXF
1719,FPAY
1720,FPF
1721,FPH
1722,FPI
1723,FPL
1724,FPRX
1725,FR
1726,FRA
1727,FRAF
1728,FRAN
1729,FRBA
1730,FRBK
1731,FRC
1732,FRD
1733,FREE
1734,FREQ
1735,FRG
1736,FRGI
1737,FRHC
1738,FRME
1739,FRO
1740,FRPH
1741,FRPT
1742,FRT
1743,FRTA
1744,FSBW
1745,FSD
1746,FSEA
1747,FSFG
1748,FSI
1749,FSK
1750,FSKR
1751,FSLF
1752,FSLR
1753,FSLY
1754,FSM
1755,FSP
1756,FSRV
1757,FSS
1758,FSTR
1759,FSV
1760,FT
1761,FTAC
1762,FTAI
1763,FTCH
1764,FTDR
1765,FTEK
1766,FTF
1767,FTFT
1768,FTHY
1769,FTI
1770,FTK
1771,FTNT
1772,FTS
1773,FTSI
1774,FTV
1775,FUL
1776,FULC
1777,FULT
1778,FUN
1779,FUNC
1780,FUND
1781,FUSB
1782,FUSN
1783,FUV
1784,FVAC
1785,FVCB
1786,FVE
1787,FVRR
1788,FWONA
1789,FWONK
1790,FWRD
1791,FXNC
1792,G
1793,GAB
1794,GABC
1795,GAIA
1796,GAIN
1797,GALT
1798,GAM
1799,GAN
1800,GARS
1801,GASS
1802,GATX
1803,GAU
1804,GBAB
1805,GBCI
1806,GBDC
1807,GBIO
1808,GBL
1809,GBLI
1810,GBR
1811,GBT
1812,GBX
1813,GCBC
1814,GCI
1815,GCO
1816,GCP
1817,GCV
1818,GD
1819,GDDY
1820,GDEN
1821,GDL
1822,GDO
1823,GDOT
1824,GDP
1825,GDV
1826,GDYN
1827,GE
1828,GEC
1829,GECC
1830,GEF
1831,GEF.B
1832,GEN
1833,GENC
1834,GEO
1835,GEOS
1836,GER
1837,GERN
1838,GES
1839,GEVO
1840,GF
1841,GFED
1842,GFF
1843,GFL
1844,GFN
1845,GFY
1846,GGG
1847,GGM
1848,GGN
1849,GGO
1850,GGT
1851,GGZ
1852,GH
1853,GHC
1854,GHIV
1855,GHL
1856,GHM
1857,GHSI
1858,GHY
1859,GIB
1860,GIFI
1861,GIGM
1862,GIII
1863,GIK
1864,GIL
1865,GILD
1866,GILT
1867,GIM
1868,GIS
1869,GIX
1870,GKOS
1871,GL
1872,GLAD
1873,GLBS
1874,GLBZ
1875,GLDD
1876,GLEO
1877,GLG
1878,GLIBA
1879,GLMD
1880,GLNG
1881,GLO
1882,GLOB
1883,GLOG
1884,GLPI
1885,GLQ
1886,GLRE
1887,GLT
1888,GLU
1889,GLUU
1890,GLV
1891,GLW
1892,GLYC
1893,GM
1894,GMBL
1895,GMDA
1896,GME
1897,GMED
1898,GMHI
1899,GMO
1900,GMRE
1901,GMS
1902,GMZ
1903,GNCA
1904,GNE
1905,GNK
1906,GNL
1907,GNLN
1908,GNMK
1909,GNPX
1910,GNRC
1911,GNRS
1912,GNSS
1913,GNT
1914,GNTX
1915,GNTY
1916,GNUS
1917,GNW
1918,GO
1919,GOF
1920,GOGL
1921,GOGO
1922,GOLD
1923,GOLF
1924,GOOD
1925,GOOG
1926,GOOGL
1927,GOOS
1928,GORO
1929,GOSS
1930,GPC
1931,GPI
1932,GPK
1933,GPL
1934,GPM
1935,GPMT
1936,GPN
1937,GPOR
1938,GPRE
1939,GPRK
1940,GPRO
1941,GPS
1942,GPX
1943,GRA
1944,GRAF
1945,GRBK
1946,GRC
1947,GRF
1948,GRIF
1949,GRIL
1950,GRIN
1951,GRMN
1952,GRNQ
1953,GRNV
1954,GROW
1955,GRPN
1956,GRTS
1957,GRTX
1958,GRUB
1959,GRWG
1960,GRX
1961,GS
1962,GSAT
1963,GSBC
1964,GSBD
1965,GSHD
1966,GSIT
1967,GSKY
1968,GSL
1969,GSM
1970,GSMG
1971,GSS
1972,GSV
1973,GT
1974,GTE
1975,GTEC
1976,GTES
1977,GTHX
1978,GTIM
1979,GTLS
1980,GTN
1981,GTN.A
1982,GTS
1983,GTT
1984,GTY
1985,GTYH
1986,GURE
1987,GUT
1988,GV
1989,GVA
1990,GVP
1991,GWB
1992,GWGH
1993,GWRE
1994,GWRS
1995,GWW
1996,GXGX
1997,GYRO
1998,H
1999,HA
2000,HAE
2001,HAFC
2002,HAIN
2003,HAL
2004,HALL
2005,HALO
2006,HAPP
2007,HARP
2008,HAS
2009,HASI
2010,HAYN
2011,HBAN
2012,HBB
2013,HBCP
2014,HBI
2015,HBIO
2016,HBM
2017,HBMD
2018,HBNC
2019,HBP
2020,HBT
2021,HCA
2022,HCAC
2023,HCAP
2024,HCAT
2025,HCC
2026,HCCH
2027,HCCI
2028,HCCO
2029,HCFT
2030,HCHC
2031,HCI
2032,HCKT
2033,HCSG
2034,HD
2035,HDS
2036,HDSN
2037,HE
2038,HEAR
2039,HEBT
2040,HEES
2041,HEI
2042,HEI.A
2043,HELE
2044,HEPA
2045,HEQ
2046,HES
2047,HESM
2048,HEXO
2049,HFBL
2050,HFC
2051,HFFG
2052,HFRO
2053,HFWA
2054,HGLB
2055,HGSH
2056,HGV
2057,HHC
2058,HHT
2059,HI
2060,HIBB
2061,HIE
2062,HIFS
2063,HIG
2064,HIHO
2065,HII
2066,HIL
2067,HIO
2068,HIW
2069,HIX
2070,HJLI
2071,HL
2072,HLF
2073,HLI
2074,HLIO
2075,HLIT
2076,HLNE
2077,HLT
2078,HLX
2079,HMG
2080,HMHC
2081,HMN
2082,HMNF
2083,HMST
2084,HMSY
2085,HMTV
2086,HNGR
2087,HNI
2088,HNNA
2089,HNRG
2090,HNW
2091,HOFT
2092,HOFV
2093,HOG
2094,HOLI
2095,HOLX
2096,HOMB
2097,HOME
2098,HON
2099,HONE
2100,HOOK
2101,HOPE
2102,HOTH
2103,HOV
2104,HP
2105,HPE
2106,HPF
2107,HPI
2108,HPP
2109,HPQ
2110,HPR
2111,HPS
2112,HQH
2113,HQI
2114,HQL
2115,HQY
2116,HR
2117,HRB
2118,HRC
2119,HRI
2120,HRL
2121,HROW
2122,HRTG
2123,HRTX
2124,HRZN
2125,HSC
2126,HSDT
2127,HSIC
2128,HSII
2129,HSKA
2130,HSON
2131,HST
2132,HSTM
2133,HSTO
2134,HSY
2135,HT
2136,HTA
2137,HTBI
2138,HTBK
2139,HTBX
2140,HTD
2141,HTGC
2142,HTGM
2143,HTH
2144,HTLD
2145,HTLF
2146,HTY
2147,HTZ
2148,HUBB
2149,HUBG
2150,HUBS
2151,HUD
2152,HUGE
2153,HUM
2154,HUN
2155,HURC
2156,HURN
2157,HUSA
2158,HUSN
2159,HVBC
2160,HVT
2161,HVT.A
2162,HWBK
2163,HWC
2164,HWCC
2165,HWKN
2166,HWM
2167,HXL
2168,HY
2169,HYAC
2170,HYB
2171,HYI
2172,HYMC
2173,HYRE
2174,HYT
2175,HZN
2176,HZNP
2177,HZO
2178,IAA
2179,IAC
2180,IAE
2181,IAF
2182,IAG
2183,IART
2184,IBCP
2185,IBIO
2186,IBKR
2187,IBM
2188,IBOC
2189,IBP
2190,IBTX
2191,ICAD
2192,ICBK
2193,ICCC
2194,ICCH
2195,ICD
2196,ICE
2197,ICFI
2198,ICHR
2199,ICL
2200,ICLR
2201,ICMB
2202,ICON
2203,ICPT
2204,ICUI
2205,IDA
2206,IDCC
2207,IDE
2208,IDEX
2209,IDN
2210,IDRA
2211,IDT
2212,IDXG
2213,IDXX
2214,IDYA
2215,IEA
2216,IEC
2217,IESC
2218,IEX
2219,IFF
2220,IFMK
2221,IFN
2222,IFRX
2223,IFS
2224,IGA
2225,IGC
2226,IGD
2227,IGI
2228,IGIC
2229,IGMS
2230,IGR
2231,IGT
2232,IHC
2233,IHD
2234,IHIT
2235,IHRT
2236,IHT
2237,IHTA
2238,IID
2239,IIF
2240,III
2241,IIIN
2242,IIIV
2243,IIM
2244,IIN
2245,IIPR
2246,IIVI
2247,IKNX
2248,ILMN
2249,ILPT
2250,IMAC
2251,IMAX
2252,IMBI
2253,IMGN
2254,IMH
2255,IMKTA
2256,IMMR
2257,IMMU
2258,IMO
2259,IMRA
2260,IMTE
2261,IMTX
2262,IMUX
2263,IMV
2264,IMVT
2265,IMXI
2266,INBK
2267,INCY
2268,INDB
2269,INDO
2270,INFI
2271,INFN
2272,INFO
2273,INFU
2274,INGN
2275,INGR
2276,INMB
2277,INMD
2278,INN
2279,INO
2280,INOD
2281,INOV
2282,INPX
2283,INS
2284,INSE
2285,INSG
2286,INSI
2287,INSM
2288,INSP
2289,INSU
2290,INSW
2291,INT
2292,INTC
2293,INTG
2294,INTT
2295,INTU
2296,INUV
2297,INVA
2298,INVE
2299,INVH
2300,INWK
2301,IO
2302,IONS
2303,IOR
2304,IOSP
2305,IOVA
2306,IP
2307,IPAR
2308,IPDN
2309,IPG
2310,IPGP
2311,IPHI
2312,IPI
2313,IPOB
2314,IPOC
2315,IPV
2316,IPWR
2317,IQI
2318,IQV
2319,IR
2320,IRBT
2321,IRDM
2322,IRET
2323,IRIX
2324,IRL
2325,IRM
2326,IRMD
2327,IROQ
2328,IRR
2329,IRT
2330,IRTC
2331,IRWD
2332,ISBC
2333,ISD
2334,ISDR
2335,ISEE
2336,ISIG
2337,ISNS
2338,ISR
2339,ISRG
2340,ISSC
2341,ISTR
2342,IT
2343,ITCI
2344,ITGR
2345,ITI
2346,ITIC
2347,ITP
2348,ITRI
2349,ITRM
2350,ITRN
2351,ITT
2352,ITW
2353,IVAC
2354,IVC
2355,IVH
2356,IVR
2357,IVZ
2358,IZEA
2359,J
2360,JACK
2361,JAGX
2362,JAKK
2363,JAN
2364,JAX
2365,JAZZ
2366,JBGS
2367,JBHT
2368,JBL
2369,JBLU
2370,JBSS
2371,JBT
2372,JCAP
2373,JCE
2374,JCI
2375,JCO
2376,JCOM
2377,JCS
2378,JCTCF
2379,JDD
2380,JE
2381,JEF
2382,JELD
2383,JEMD
2384,JEQ
2385,JFK
2386,JFR
2387,JGH
2388,JHAA
2389,JHB
2390,JHG
2391,JHI
2392,JHS
2393,JHY
2394,JIH
2395,JILL
2396,JJSF
2397,JKHY
2398,JLL
2399,JLS
2400,JMM
2401,JMP
2402,JNCE
2403,JNJ
2404,JNPR
2405,JOB
2406,JOE
2407,JOF
2408,JOUT
2409,JPC
2410,JPI
2411,JPM
2412,JPS
2413,JPT
2414,JQC
2415,JRI
2416,JRO
2417,JRS
2418,JRSH
2419,JRVR
2420,JSD
2421,JTA
2422,JTD
2423,JVA
2424,JW.A
2425,JW.B
2426,JWN
2427,JYNT
2428,K
2429,KAI
2430,KALA
2431,KALU
2432,KALV
2433,KAMN
2434,KAR
2435,KBAL
2436,KBH
2437,KBLM
2438,KBR
2439,KBSF
2440,KDMN
2441,KDP
2442,KE
2443,KELYA
2444,KELYB
2445,KEN
2446,KEQU
2447,KERN
2448,KEX
2449,KEY
2450,KEYS
2451,KF
2452,KFFB
2453,KFRC
2454,KFS
2455,KFY
2456,KGC
2457,KHC
2458,KIDS
2459,KIM
2460,KIN
2461,KINS
2462,KIO
2463,KIQ
2464,KIRK
2465,KKR
2466,KL
2467,KLAC
2468,KLDO
2469,KLIC
2470,KLR
2471,KLXE
2472,KMB
2473,KMDA
2474,KMF
2475,KMI
2476,KMPR
2477,KMT
2478,KMX
2479,KN
2480,KNDI
2481,KNL
2482,KNSA
2483,KNSL
2484,KNX
2485,KO
2486,KOD
2487,KODK
2488,KOP
2489,KOPN
2490,KOS
2491,KOSS
2492,KPTI
2493,KR
2494,KRA
2495,KRC
2496,KREF
2497,KRG
2498,KRMD
2499,KRNT
2500,KRNY
2501,KRO
2502,KROS
2503,KRTX
2504,KRUS
2505,KRYS
2506,KSM
2507,KSS
2508,KSU
2509,KTB
2510,KTCC
2511,KTF
2512,KTOS
2513,KURA
2514,KVHI
2515,KW
2516,KWR
2517,KXIN
2518,KYN
2519,KZR
2520,L
2521,LAC
2522,LACQ
2523,LAD
2524,LADR
2525,LAKE
2526,LAMR
2527,LANC
2528,LAND
2529,LARK
2530,LASR
2531,LATN
2532,LAUR
2533,LAWS
2534,LAZ
2535,LAZY
2536,LB
2537,LBAI
2538,LBC
2539,LBRDA
2540,LBRDK
2541,LBRT
2542,LBTYA
2543,LBTYB
2544,LBTYK
2545,LC
2546,LCA
2547,LCI
2548,LCII
2549,LCNB
2550,LCTX
2551,LCUT
2552,LDL
2553,LDOS
2554,LDP
2555,LE
2556,LEA
2557,LEAF
2558,LECO
2559,LEDS
2560,LEE
2561,LEG
2562,LEGH
2563,LEN
2564,LEN.B
2565,LEO
2566,LEU
2567,LEVI
2568,LEVL
2569,LFAC
2570,LFUS
2571,LFVN
2572,LGC
2573,LGF.A
2574,LGF.B
2575,LGI
2576,LGIH
2577,LGL
2578,LGND
2579,LH
2580,LHCG
2581,LHX
2582,LIFE
2583,LII
2584,LILA
2585,LILAK
2586,LIN
2587,LINC
2588,LIND
2589,LIQT
2590,LITE
2591,LIVE
2592,LIVK
2593,LIVN
2594,LIVX
2595,LJPC
2596,LKCO
2597,LKFN
2598,LKQ
2599,LL
2600,LLIT
2601,LLNW
2602,LLY
2603,LMAT
2604,LMB
2605,LMFA
2606,LMND
2607,LMNL
2608,LMNR
2609,LMNX
2610,LMPX
2611,LMST
2612,LMT
2613,LNC
2614,LNDC
2615,LNG
2616,LNN
2617,LNT
2618,LNTH
2619,LOAC
2620,LOAK
2621,LOAN
2622,LOB
2623,LOCO
2624,LODE
2625,LOGC
2626,LOGI
2627,LONE
2628,LOOP
2629,LOPE
2630,LORL
2631,LOVE
2632,LOW
2633,LPCN
2634,LPG
2635,LPI
2636,LPLA
2637,LPRO
2638,LPSN
2639,LPTH
2640,LPTX
2641,LPX
2642,LQDA
2643,LQDT
2644,LRCX
2645,LRMR
2646,LRN
2647,LSAC
2648,LSBK
2649,LSCC
2650,LSI
2651,LSTR
2652,LSXMA
2653,LSXMB
2654,LSXMK
2655,LTBR
2656,LTC
2657,LTHM
2658,LTRN
2659,LTRPA
2660,LTRPB
2661,LTRX
2662,LUB
2663,LULU
2664,LUMO
2665,LUNA
2666,LUV
2667,LVGO
2668,LVS
2669,LW
2670,LWAY
2671,LXFR
2672,LXP
2673,LXRX
2674,LXU
2675,LYB
2676,LYFT
2677,LYL
2678,LYRA
2679,LYTS
2680,LYV
2681,LZB
2682,M
2683,MA
2684,MAA
2685,MAC
2686,MACK
2687,MAG
2688,MAGS
2689,MAIN
2690,MAN
2691,MANH
2692,MANT
2693,MANU
2694,MAR
2695,MARA
2696,MARK
2697,MAS
2698,MASI
2699,MAT
2700,MATW
2701,MATX
2702,MAV
2703,MAXR
2704,MAYS
2705,MBCN
2706,MBI
2707,MBII
2708,MBIN
2709,MBIO
2710,MBOT
2711,MBRX
2712,MBUU
2713,MBWM
2714,MC
2715,MCA
2716,MCB
2717,MCBC
2718,MCBS
2719,MCC
2720,MCD
2721,MCF
2722,MCFT
2723,MCHP
2724,MCHX
2725,MCI
2726,MCK
2727,MCMJ
2728,MCN
2729,MCO
2730,MCR
2731,MCRB
2732,MCRI
2733,MCS
2734,MCY
2735,MD
2736,MDB
2737,MDC
2738,MDCA
2739,MDGL
2740,MDIA
2741,MDJH
2742,MDLA
2743,MDLY
2744,MDLZ
2745,MDP
2746,MDRR
2747,MDRX
2748,MDT
2749,MDU
2750,MDWD
2751,MEC
2752,MED
2753,MEDP
2754,MEDS
2755,MEI
2756,MEIP
2757,MELI
2758,MEN
2759,MEOH
2760,MERC
2761,MESA
2762,MET
2763,METC
2764,METX
2765,MFA
2766,MFAC
2767,MFC
2768,MFD
2769,MFIN
2770,MFL
2771,MFM
2772,MFNC
2773,MFT
2774,MFV
2775,MG
2776,MGA
2777,MGEE
2778,MGEN
2779,MGF
2780,MGI
2781,MGIC
2782,MGLN
2783,MGM
2784,MGNI
2785,MGNX
2786,MGP
2787,MGPI
2788,MGRC
2789,MGTA
2790,MGTX
2791,MGU
2792,MGY
2793,MGYR
2794,MHD
2795,MHE
2796,MHF
2797,MHH
2798,MHI
2799,MHK
2800,MHLD
2801,MHN
2802,MHO
2803,MIC
2804,MICT
2805,MIDD
2806,MIE
2807,MIK
2808,MIME
2809,MIN
2810,MIND
2811,MIRM
2812,MIST
2813,MITK
2814,MITT
2815,MIY
2816,MKC
2817,MKC.V
2818,MKGI
2819,MKL
2820,MKSI
2821,MKTX
2822,MLAB
2823,MLHR
2824,MLI
2825,MLM
2826,MLND
2827,MLP
2828,MLR
2829,MLSS
2830,MLVF
2831,MMAC
2832,MMC
2833,MMD
2834,MMI
2835,MMM
2836,MMP
2837,MMS
2838,MMSI
2839,MMT
2840,MMU
2841,MMX
2842,MMYT
2843,MN
2844,MNCL
2845,MNDO
2846,MNK
2847,MNKD
2848,MNOV
2849,MNP
2850,MNPR
2851,MNR
2852,MNRL
2853,MNRO
2854,MNSB
2855,MNST
2856,MNTA
2857,MNTX
2858,MO
2859,MOBL
2860,MOD
2861,MODN
2862,MOFG
2863,MOG.A
2864,MOG.B
2865,MOGO
2866,MOH
2867,MORF
2868,MORN
2869,MOS
2870,MOSY
2871,MOTS
2872,MOV
2873,MOXC
2874,MPA
2875,MPAA
2876,MPB
2877,MPC
2878,MPV
2879,MPW
2880,MPWR
2881,MPX
2882,MQT
2883,MQY
2884,MR
2885,MRAM
2886,MRBK
2887,MRC
2888,MRCC
2889,MRCY
2890,MRIN
2891,MRK
2892,MRKR
2893,MRLN
2894,MRNA
2895,MRNS
2896,MRO
2897,MRSN
2898,MRTN
2899,MRTX
2900,MRUS
2901,MRVL
2902,MS
2903,MSA
2904,MSB
2905,MSBI
2906,MSCI
2907,MSD
2908,MSEX
2909,MSFT
2910,MSGE
2911,MSGN
2912,MSGS
2913,MSI
2914,MSM
2915,MSN
2916,MSON
2917,MSTR
2918,MSVB
2919,MTA
2920,MTB
2921,MTBC
2922,MTC
2923,MTCH
2924,MTD
2925,MTDR
2926,MTEM
2927,MTEX
2928,MTG
2929,MTH
2930,MTN
2931,MTNB
2932,MTOR
2933,MTR
2934,MTRN
2935,MTRX
2936,MTSC
2937,MTSI
2938,MTSL
2939,MTT
2940,MTW
2941,MTX
2942,MTZ
2943,MU
2944,MUA
2945,MUC
2946,MUE
2947,MUH
2948,MUI
2949,MUJ
2950,MUR
2951,MUS
2952,MUSA
2953,MUX
2954,MVBF
2955,MVC
2956,MVF
2957,MVIS
2958,MVO
2959,MVT
2960,MWA
2961,MWK
2962,MX
2963,MXC
2964,MXE
2965,MXF
2966,MXIM
2967,MXL
2968,MYC
2969,MYD
2970,MYE
2971,MYF
2972,MYFW
2973,MYGN
2974,MYI
2975,MYJ
2976,MYL
2977,MYN
2978,MYO
2979,MYOK
2980,MYOS
2981,MYOV
2982,MYRG
2983,MYSZ
2984,MYT
2985,MZA
2986,NAC
2987,NAD
2988,NAII
2989,NAK
2990,NAKD
2991,NAN
2992,NAOV
2993,NARI
2994,NAT
2995,NATH
2996,NATI
2997,NATR
2998,NAV
2999,NAVB
3000,NAVI
3001,NAZ
3002,NBAC
3003,NBB
3004,NBEV
3005,NBH
3006,NBHC
3007,NBIX
3008,NBL
3009,NBN
3010,NBO
3011,NBR
3012,NBRV
3013,NBSE
3014,NBTB
3015,NBW
3016,NBY
3017,NC
3018,NCA
3019,NCB
3020,NCBS
3021,NCLH
3022,NCMI
3023,NCR
3024,NCSM
3025,NCV
3026,NCZ
3027,NDAQ
3028,NDLS
3029,NDP
3030,NDRA
3031,NDSN
3032,NEA
3033,NEE
3034,NEM
3035,NEO
3036,NEOG
3037,NEON
3038,NEOS
3039,NEPH
3040,NEPT
3041,NERV
3042,NES
3043,NESR
3044,NET
3045,NETE
3046,NEU
3047,NEV
3048,NEWA
3049,NEWR
3050,NEWT
3051,NEX
3052,NEXA
3053,NEXT
3054,NFBK
3055,NFE
3056,NFG
3057,NFH
3058,NFIN
3059,NFJ
3060,NFLX
3061,NG
3062,NGD
3063,NGHC
3064,NGM
3065,NGS
3066,NGVC
3067,NGVT
3068,NH
3069,NHA
3070,NHC
3071,NHF
3072,NHI
3073,NHLD
3074,NHS
3075,NHTC
3076,NI
3077,NICK
3078,NID
3079,NIE
3080,NIM
3081,NINE
3082,NIQ
3083,NJR
3084,NJV
3085,NK
3086,NKE
3087,NKG
3088,NKLA
3089,NKSH
3090,NKTR
3091,NKX
3092,NL
3093,NLOK
3094,NLS
3095,NLSN
3096,NLTX
3097,NLY
3098,NM
3099,NMCO
3100,NMFC
3101,NMI
3102,NMIH
3103,NML
3104,NMRD
3105,NMRK
3106,NMS
3107,NMT
3108,NMTR
3109,NMY
3110,NMZ
3111,NNA
3112,NNBR
3113,NNI
3114,NNN
3115,NNVC
3116,NNY
3117,NOA
3118,NOC
3119,NODK
3120,NOG
3121,NOM
3122,NOMD
3123,NOV
3124,NOVA
3125,NOVN
3126,NOVS
3127,NOVT
3128,NOW
3129,NP
3130,NPA
3131,NPK
3132,NPN
3133,NPO
3134,NPTN
3135,NPV
3136,NQP
3137,NR
3138,NRBO
3139,NRC
3140,NREF
3141,NRG
3142,NRGX
3143,NRIM
3144,NRK
3145,NRO
3146,NRZ
3147,NS
3148,NSA
3149,NSC
3150,NSCO
3151,NSEC
3152,NSIT
3153,NSL
3154,NSP
3155,NSPR
3156,NSSC
3157,NSTG
3158,NSYS
3159,NTAP
3160,NTB
3161,NTCT
3162,NTEC
3163,NTG
3164,NTGR
3165,NTIC
3166,NTIP
3167,NTLA
3168,NTN
3169,NTNX
3170,NTP
3171,NTR
3172,NTRA
3173,NTRP
3174,NTRS
3175,NTUS
3176,NTWK
3177,NUAN
3178,NUE
3179,NUM
3180,NUO
3181,NURO
3182,NUS
3183,NUV
3184,NUVA
3185,NUW
3186,NUZE
3187,NVAX
3188,NVCN
3189,NVCR
3190,NVDA
3191,NVEC
3192,NVEE
3193,NVFY
3194,NVG
3195,NVGS
3196,NVIV
3197,NVMI
3198,NVR
3199,NVRO
3200,NVST
3201,NVT
3202,NVTA
3203,NVUS
3204,NWBI
3205,NWE
3206,NWFL
3207,NWGI
3208,NWHM
3209,NWL
3210,NWLI
3211,NWN
3212,NWPX
3213,NWS
3214,NWSA
3215,NX
3216,NXC
3217,NXE
3218,NXGN
3219,NXJ
3220,NXN
3221,NXP
3222,NXPI
3223,NXQ
3224,NXR
3225,NXRT
3226,NXST
3227,NXTC
3228,NXTD
3229,NYCB
3230,NYMT
3231,NYMX
3232,NYT
3233,NYV
3234,NZF
3235,O
3236,OAC
3237,OAS
3238,OBAS
3239,OBCI
3240,OBLG
3241,OBLN
3242,OBNK
3243,OBSV
3244,OC
3245,OCC
3246,OCCI
3247,OCFC
3248,OCGN
3249,OCN
3250,OCSI
3251,OCSL
3252,OCUL
3253,OCX
3254,ODC
3255,ODFL
3256,ODP
3257,ODT
3258,OEC
3259,OEG
3260,OESX
3261,OFC
3262,OFED
3263,OFG
3264,OFIX
3265,OFLX
3266,OFS
3267,OGE
3268,OGEN
3269,OGI
3270,OGS
3271,OHI
3272,OI
3273,OIA
3274,OII
3275,OIS
3276,OKE
3277,OKTA
3278,OLED
3279,OLLI
3280,OLN
3281,OLP
3282,OMC
3283,OMCL
3284,OMER
3285,OMEX
3286,OMF
3287,OMI
3288,ON
3289,ONB
3290,ONCS
3291,ONCT
3292,ONCY
3293,ONDK
3294,ONEM
3295,ONEW
3296,ONTO
3297,ONTX
3298,ONVO
3299,OOMA
3300,OPBK
3301,OPCH
3302,OPES
3303,OPGN
3304,OPHC
3305,OPI
3306,OPK
3307,OPNT
3308,OPOF
3309,OPP
3310,OPRT
3311,OPRX
3312,OPTN
3313,OPTT
3314,OPY
3315,OR
3316,ORA
3317,ORBC
3318,ORC
3319,ORCC
3320,ORCL
3321,ORGO
3322,ORGS
3323,ORI
3324,ORIC
3325,ORLY
3326,ORMP
3327,ORN
3328,ORRF
3329,ORSN
3330,OSB
3331,OSBC
3332,OSG
3333,OSIS
3334,OSK
3335,OSMT
3336,OSPN
3337,OSS
3338,OSTK
3339,OSUR
3340,OSW
3341,OTEL
3342,OTEX
3343,OTIC
3344,OTIS
3345,OTLK
3346,OTTR
3347,OUT
3348,OVBC
3349,OVID
3350,OVLY
3351,OVV
3352,OXBR
3353,OXFD
3354,OXLC
3355,OXM
3356,OXSQ
3357,OXY
3358,OYST
3359,OZK
3360,PAAS
3361,PACB
3362,PACD
3363,PACK
3364,PACW
3365,PAE
3366,PAG
3367,PAGP
3368,PAGS
3369,PAHC
3370,PAI
3371,PANL
3372,PANW
3373,PAR
3374,PARR
3375,PASG
3376,PATI
3377,PATK
3378,PAVM
3379,PAYC
3380,PAYS
3381,PAYX
3382,PB
3383,PBA
3384,PBCT
3385,PBF
3386,PBFS
3387,PBH
3388,PBHC
3389,PBI
3390,PBIP
3391,PBPB
3392,PBT
3393,PBTS
3394,PBYI
3395,PCAR
3396,PCB
3397,PCF
3398,PCG
3399,PCH
3400,PCI
3401,PCK
3402,PCM
3403,PCN
3404,PCOM
3405,PCPL
3406,PCQ
3407,PCRX
3408,PCSB
3409,PCTI
3410,PCTY
3411,PCVX
3412,PCYG
3413,PCYO
3414,PD
3415,PDCE
3416,PDCO
3417,PDEX
3418,PDFS
3419,PDI
3420,PDLB
3421,PDLI
3422,PDM
3423,PDS
3424,PDSB
3425,PDT
3426,PE
3427,PEAK
3428,PEB
3429,PEBK
3430,PEBO
3431,PECK
3432,PED
3433,PEG
3434,PEGA
3435,PEI
3436,PEIX
3437,PEN
3438,PENN
3439,PEO
3440,PEP
3441,PERI
3442,PESI
3443,PETQ
3444,PETS
3445,PETZ
3446,PFBC
3447,PFBI
3448,PFC
3449,PFD
3450,PFE
3451,PFG
3452,PFGC
3453,PFHD
3454,PFIE
3455,PFIN
3456,PFIS
3457,PFL
3458,PFLT
3459,PFMT
3460,PFN
3461,PFNX
3462,PFO
3463,PFPT
3464,PFS
3465,PFSI
3466,PFSW
3467,PG
3468,PGC
3469,PGEN
3470,PGNY
3471,PGP
3472,PGR
3473,PGRE
3474,PGTI
3475,PGZ
3476,PH
3477,PHAS
3478,PHAT
3479,PHCF
3480,PHD
3481,PHGE
3482,PHIO
3483,PHK
3484,PHM
3485,PHR
3486,PHT
3487,PHUN
3488,PHX
3489,PI
3490,PIC
3491,PICO
3492,PIH
3493,PII
3494,PIM
3495,PINC
3496,PINE
3497,PING
3498,PINS
3499,PIPR
3500,PIRS
3501,PIXY
3502,PJT
3503,PK
3504,PKBK
3505,PKE
3506,PKG
3507,PKI
3508,PKO
3509,PKOH
3510,PLAB
3511,PLAG
3512,PLAN
3513,PLAY
3514,PLBC
3515,PLCE
3516,PLD
3517,PLG
3518,PLIN
3519,PLM
3520,PLMR
3521,PLNT
3522,PLOW
3523,PLPC
3524,PLRX
3525,PLSE
3526,PLT
3527,PLUG
3528,PLUS
3529,PLX
3530,PLXP
3531,PLXS
3532,PLYA
3533,PLYM
3534,PM
3535,PMAR
3536,PMBC
3537,PMD
3538,PME
3539,PMF
3540,PML
3541,PMM
3542,PMO
3543,PMT
3544,PMX
3545,PNBK
3546,PNC
3547,PNF
3548,PNFP
3549,PNI
3550,PNM
3551,PNNT
3552,PNR
3553,PNRG
3554,PNTG
3555,PNW
3556,POAI
3557,PODD
3558,POLA
3559,POOL
3560,POR
3561,POST
3562,POWI
3563,POWL
3564,PPBI
3565,PPC
3566,PPD
3567,PPG
3568,PPIH
3569,PPL
3570,PPR
3571,PPSI
3572,PPT
3573,PQG
3574,PRA
3575,PRAA
3576,PRAH
3577,PRCP
3578,PRDO
3579,PRFT
3580,PRGO
3581,PRGS
3582,PRGX
3583,PRI
3584,PRIM
3585,PRK
3586,PRLB
3587,PRMW
3588,PRNB
3589,PRO
3590,PROF
3591,PROG
3592,PROS
3593,PROV
3594,PRPH
3595,PRPL
3596,PRPO
3597,PRQR
3598,PRSC
3599,PRSP
3600,PRTA
3601,PRTH
3602,PRTK
3603,PRTS
3604,PRTY
3605,PRU
3606,PRVB
3607,PRVL
3608,PS
3609,PSA
3610,PSB
3611,PSEC
3612,PSF
3613,PSHG
3614,PSMT
3615,PSN
3616,PSNL
3617,PSTG
3618,PSTI
3619,PSTL
3620,PSTV
3621,PSV
3622,PSX
3623,PTAC
3624,PTC
3625,PTCT
3626,PTE
3627,PTEN
3628,PTGX
3629,PTI
3630,PTMN
3631,PTN
3632,PTON
3633,PTSI
3634,PTVCA
3635,PTVCB
3636,PTY
3637,PULM
3638,PUMP
3639,PVAC
3640,PVBC
3641,PVG
3642,PVH
3643,PW
3644,PWFL
3645,PWOD
3646,PWR
3647,PXD
3648,PXLW
3649,PXS
3650,PYN
3651,PYPD
3652,PYPL
3653,PZC
3654,PZG
3655,PZN
3656,PZZA
3657,QADA
3658,QADB
3659,QCOM
3660,QCRH
3661,QDEL
3662,QEP
3663,QGEN
3664,QLGN
3665,QLYS
3666,QMCO
3667,QNST
3668,QQQX
3669,QRHC
3670,QRTEA
3671,QRTEB
3672,QRVO
3673,QSR
3674,QTNT
3675,QTRX
3676,QTS
3677,QTWO
3678,QUAD
3679,QUIK
3680,QUMU
3681,QUOT
3682,QURE
3683,R
3684,RA
3685,RACE
3686,RAD
3687,RADA
3688,RAIL
3689,RAMP
3690,RAND
3691,RAPT
3692,RARE
3693,RAVE
3694,RAVN
3695,RBA
3696,RBB
3697,RBBN
3698,RBC
3699,RBCAA
3700,RBCN
3701,RBKB
3702,RBNC
3703,RC
3704,RCG
3705,RCI
3706,RCII
3707,RCKT
3708,RCKY
3709,RCL
3710,RCM
3711,RCMT
3712,RCON
3713,RCS
3714,RCUS
3715,RDCM
3716,RDFN
3717,RDI
3718,RDIB
3719,RDN
3720,RDNT
3721,RDUS
3722,RDVT
3723,RDWR
3724,RE
3725,REAL
3726,REED
3727,REFR
3728,REG
3729,REGI
3730,REGN
3731,REI
3732,REKR
3733,RELL
3734,RELV
3735,REPH
3736,REPL
3737,RES
3738,RESI
3739,RESN
3740,RETA
3741,RETO
3742,REV
3743,REVG
3744,REX
3745,REXN
3746,REXR
3747,REYN
3748,REZI
3749,RF
3750,RFI
3751,RFIL
3752,RFL
3753,RFM
3754,RFP
3755,RGA
3756,RGCO
3757,RGEN
3758,RGLD
3759,RGLS
3760,RGNX
3761,RGP
3762,RGR
3763,RGS
3764,RGT
3765,RH
3766,RHE
3767,RHI
3768,RHP
3769,RIBT
3770,RICK
3771,RIG
3772,RIGL
3773,RILY
3774,RIOT
3775,RIV
3776,RIVE
3777,RJF
3778,RKDA
3779,RL
3780,RLGT
3781,RLGY
3782,RLH
3783,RLI
3784,RLJ
3785,RLMD
3786,RM
3787,RMAX
3788,RMBI
3789,RMBL
3790,RMBS
3791,RMCF
3792,RMD
3793,RMED
3794,RMG
3795,RMI
3796,RMM
3797,RMNI
3798,RMR
3799,RMT
3800,RMTI
3801,RNA
3802,RNDB
3803,RNET
3804,RNG
3805,RNGR
3806,RNP
3807,RNR
3808,RNST
3809,RNWK
3810,ROAD
3811,ROCK
3812,ROG
3813,ROIC
3814,ROK
3815,ROKU
3816,ROL
3817,ROLL
3818,ROP
3819,ROST
3820,RP
3821,RPAI
3822,RPAY
3823,RPD
3824,RPLA
3825,RPM
3826,RPRX
3827,RPT
3828,RPTX
3829,RQI
3830,RRBI
3831,RRC
3832,RRD
3833,RRGB
3834,RRR
3835,RS
3836,RSF
3837,RSG
3838,RSSS
3839,RST
3840,RTRX
3841,RTX
3842,RUBY
3843,RUN
3844,RUSHA
3845,RUSHB
3846,RUTH
3847,RVI
3848,RVLV
3849,RVMD
3850,RVNC
3851,RVP
3852,RVSB
3853,RVT
3854,RWLK
3855,RWT
3856,RXN
3857,RY
3858,RYAM
3859,RYI
3860,RYN
3861,RYTM
3862,SA
3863,SABR
3864,SACH
3865,SAFE
3866,SAFM
3867,SAFT
3868,SAGE
3869,SAH
3870,SAIA
3871,SAIC
3872,SAIL
3873,SAL
3874,SALM
3875,SALT
3876,SAM
3877,SAMA
3878,SAMG
3879,SAND
3880,SANM
3881,SANW
3882,SAQN
3883,SAR
3884,SASR
3885,SATS
3886,SAVA
3887,SAVE
3888,SB
3889,SBAC
3890,SBBP
3891,SBCF
3892,SBE
3893,SBFG
3894,SBGI
3895,SBH
3896,SBI
3897,SBLK
3898,SBNY
3899,SBOW
3900,SBPH
3901,SBRA
3902,SBSI
3903,SBT
3904,SBUX
3905,SC
3906,SCCO
3907,SCD
3908,SCHL
3909,SCHN
3910,SCHW
3911,SCI
3912,SCKT
3913,SCL
3914,SCM
3915,SCON
3916,SCOR
3917,SCPE
3918,SCPH
3919,SCPL
3920,SCS
3921,SCSC
3922,SCU
3923,SCVL
3924,SCVX
3925,SCWX
3926,SCX
3927,SCYX
3928,SD
3929,SDC
3930,SDGR
3931,SDPI
3932,SEAC
3933,SEAS
3934,SEB
3935,SEDG
3936,SEE
3937,SEED
3938,SEEL
3939,SEIC
3940,SELB
3941,SELF
3942,SEM
3943,SENEA
3944,SENEB
3945,SENS
3946,SERV
3947,SESN
3948,SF
3949,SFBC
3950,SFBS
3951,SFE
3952,SFIX
3953,SFL
3954,SFM
3955,SFNC
3956,SFST
3957,SFTW
3958,SG
3959,SGA
3960,SGBX
3961,SGC
3962,SGEN
3963,SGH
3964,SGLB
3965,SGMA
3966,SGMO
3967,SGMS
3968,SGOC
3969,SGRP
3970,SGRY
3971,SHAK
3972,SHBI
3973,SHEN
3974,SHIP
3975,SHLL
3976,SHO
3977,SHOO
3978,SHOP
3979,SHSP
3980,SHW
3981,SHYF
3982,SI
3983,SIBN
3984,SIC
3985,SIEB
3986,SIEN
3987,SIF
3988,SIG
3989,SIGA
3990,SIGI
3991,SII
3992,SILC
3993,SILK
3994,SILV
3995,SINA
3996,SINO
3997,SINT
3998,SIRI
3999,SITC
4000,SITE
4001,SITM
4002,SIVB
4003,SIX
4004,SJ
4005,SJI
4006,SJM
4007,SJR
4008,SJW
4009,SKT
4010,SKX
4011,SKY
4012,SKYW
4013,SLAB
4014,SLB
4015,SLCA
4016,SLCT
4017,SLDB
4018,SLF
4019,SLG
4020,SLGG
4021,SLGL
4022,SLGN
4023,SLM
4024,SLNO
4025,SLP
4026,SLQT
4027,SLRC
4028,SLRX
4029,SLS
4030,SM
4031,SMAR
4032,SMBC
4033,SMBK
4034,SMCI
4035,SMED
4036,SMG
4037,SMHI
4038,SMIT
4039,SMM
4040,SMMC
4041,SMMF
4042,SMP
4043,SMPL
4044,SMSI
4045,SMTC
4046,SMTS
4047,SMTX
4048,SNA
4049,SNAP
4050,SNBR
4051,SNCA
4052,SNCR
4053,SND
4054,SNDE
4055,SNDL
4056,SNDR
4057,SNDX
4058,SNES
4059,SNFCA
4060,SNGX
4061,SNOA
4062,SNPS
4063,SNR
4064,SNSS
4065,SNV
4066,SNX
4067,SO
4068,SOAC
4069,SOHO
4070,SOI
4071,SOLO
4072,SOLY
4073,SON
4074,SONA
4075,SONM
4076,SONN
4077,SONO
4078,SOR
4079,SP
4080,SPAQ
4081,SPB
4082,SPCB
4083,SPCE
4084,SPE
4085,SPFI
4086,SPG
4087,SPGI
4088,SPI
4089,SPKE
4090,SPLK
4091,SPNE
4092,SPNS
4093,SPOK
4094,SPOT
4095,SPPI
4096,SPR
4097,SPRO
4098,SPRT
4099,SPSC
4100,SPT
4101,SPTN
4102,SPWH
4103,SPWR
4104,SPXC
4105,SPXX
4106,SQ
4107,SQBG
4108,SR
4109,SRAC
4110,SRAX
4111,SRC
4112,SRCE
4113,SRCL
4114,SRDX
4115,SRE
4116,SREV
4117,SRG
4118,SRI
4119,SRL
4120,SRNE
4121,SRPT
4122,SRRA
4123,SRRK
4124,SRT
4125,SRTS
4126,SRV
4127,SSB
4128,SSBI
4129,SSD
4130,SSKN
4131,SSNC
4132,SSNT
4133,SSP
4134,SSPK
4135,SSRM
4136,SSSS
4137,SSTI
4138,SSTK
4139,SSY
4140,SSYS
4141,ST
4142,STAA
4143,STAF
4144,STAG
4145,STAR
4146,STBA
4147,STC
4148,STCN
4149,STE
4150,STFC
4151,STIM
4152,STK
4153,STKL
4154,STKS
4155,STL
4156,STLD
4157,STMP
4158,STN
4159,STND
4160,STNE
4161,STNG
4162,STOK
4163,STON
4164,STOR
4165,STRA
4166,STRL
4167,STRM
4168,STRO
4169,STRS
4170,STRT
4171,STSA
4172,STT
4173,STWD
4174,STX
4175,STXB
4176,STXS
4177,STZ
4178,STZ.B
4179,SU
4180,SUI
4181,SUM
4182,SUMR
4183,SUNS
4184,SUNW
4185,SUP
4186,SUPN
4187,SURF
4188,SVA
4189,SVBI
4190,SVC
4191,SVM
4192,SVMK
4193,SVRA
4194,SVT
4195,SVVC
4196,SWAV
4197,SWBI
4198,SWCH
4199,SWI
4200,SWIR
4201,SWK
4202,SWKH
4203,SWKS
4204,SWM
4205,SWN
4206,SWTX
4207,SWX
4208,SWZ
4209,SXC
4210,SXI
4211,SXT
4212,SXTC
4213,SYBT
4214,SYBX
4215,SYF
4216,SYK
4217,SYKE
4218,SYN
4219,SYNA
4220,SYNC
4221,SYNH
4222,SYNL
4223,SYPR
4224,SYRS
4225,SYX
4226,SYY
4227,SZC
4228,T
4229,TA
4230,TAC
4231,TACO
4232,TACT
4233,TAIT
4234,TALO
4235,TANH
4236,TAOP
4237,TAP
4238,TAP.A
4239,TARA
4240,TARO
4241,TAST
4242,TAT
4243,TATT
4244,TAYD
4245,TBBK
4246,TBI
4247,TBIO
4248,TBK
4249,TBLT
4250,TBNK
4251,TBPH
4252,TCBI
4253,TCBK
4254,TCCO
4255,TCDA
4256,TCF
4257,TCFC
4258,TCI
4259,TCMD
4260,TCO
4261,TCON
4262,TCPC
4263,TCRR
4264,TCS
4265,TCX
4266,TD
4267,TDAC
4268,TDC
4269,TDF
4270,TDG
4271,TDOC
4272,TDS
4273,TDW
4274,TDY
4275,TEAF
4276,TEAM
4277,TECH
4278,TECK
4279,TEI
4280,TEL
4281,TELA
4282,TELL
4283,TEN
4284,TENB
4285,TENX
4286,TER
4287,TESS
4288,TEUM
4289,TEX
4290,TFC
4291,TFFP
4292,TFII
4293,TFSL
4294,TFX
4295,TG
4296,TGA
4297,TGB
4298,TGC
4299,TGH
4300,TGI
4301,TGLS
4302,TGNA
4303,TGT
4304,TGTX
4305,TH
4306,THBR
4307,THC
4308,THCA
4309,THCB
4310,THFF
4311,THG
4312,THM
4313,THMO
4314,THO
4315,THQ
4316,THR
4317,THRM
4318,THS
4319,THTX
4320,THW
4321,THY
4322,TIF
4323,TIGO
4324,TILE
4325,TIPT
4326,TISI
4327,TITN
4328,TJX
4329,TK
4330,TKAT
4331,TKR
4332,TLGT
4333,TLI
4334,TLRY
4335,TLYS
4336,TMBR
4337,TMDI
4338,TMDX
4339,TMHC
4340,TMO
4341,TMP
4342,TMQ
4343,TMST
4344,TMUS
4345,TNAV
4346,TNC
4347,TNDM
4348,TNET
4349,TNK
4350,TNP
4351,TNXP
4352,TOL
4353,TOPS
4354,TOTA
4355,TOWN
4356,TPB
4357,TPC
4358,TPCO
4359,TPH
4360,TPHS
4361,TPIC
4362,TPL
4363,TPR
4364,TPRE
4365,TPTX
4366,TPVG
4367,TPX
4368,TPZ
4369,TR
4370,TRC
4371,TRCH
4372,TREC
4373,TREE
4374,TREX
4375,TRGP
4376,TRHC
4377,TRI
4378,TRIL
4379,TRIP
4380,TRMB
4381,TRMD
4382,TRMK
4383,TRMT
4384,TRN
4385,TRNE
4386,TRNO
4387,TRNS
4388,TROW
4389,TROX
4390,TRP
4391,TRQ
4392,TRS
4393,TRST
4394,TRT
4395,TRTN
4396,TRTX
4397,TRU
4398,TRUE
4399,TRUP
4400,TRV
4401,TRVI
4402,TRVN
4403,TRWH
4404,TRX
4405,TRXC
4406,TSBK
4407,TSC
4408,TSCO
4409,TSE
4410,TSEM
4411,TSI
4412,TSLA
4413,TSLX
4414,TSN
4415,TSQ
4416,TSRI
4417,TT
4418,TTC
4419,TTD
4420,TTEC
4421,TTEK
4422,TTGT
4423,TTI
4424,TTMI
4425,TTNP
4426,TTOO
4427,TTP
4428,TTWO
4429,TU
4430,TUFN
4431,TUP
4432,TURN
4433,TUSK
4434,TVTY
4435,TW
4436,TWI
4437,TWIN
4438,TWLO
4439,TWN
4440,TWNK
4441,TWO
4442,TWOU
4443,TWST
4444,TWTR
4445,TXG
4446,TXMD
4447,TXN
4448,TXRH
4449,TXT
4450,TY
4451,TYG
4452,TYHT
4453,TYL
4454,TYME
4455,TZAC
4456,TZOO
4457,UA
4458,UAA
4459,UAL
4460,UAMY
4461,UAVS
4462,UBA
4463,UBCP
4464,UBER
4465,UBFO
4466,UBOH
4467,UBP
4468,UBS
4469,UBSI
4470,UBX
4471,UCBI
4472,UCTT
4473,UDR
4474,UE
4475,UEC
4476,UEIC
4477,UEPS
4478,UFAB
4479,UFCS
4480,UFI
4481,UFPI
4482,UFPT
4483,UFS
4484,UG
4485,UGI
4486,UHAL
4487,UHS
4488,UHT
4489,UI
4490,UIHC
4491,UIS
4492,ULBI
4493,ULH
4494,ULTA
4495,UMBF
4496,UMH
4497,UMPQ
4498,UMRX
4499,UNAM
4500,UNB
4501,UNF
4502,UNFI
4503,UNH
4504,UNIT
4505,UNM
4506,UNP
4507,UNTY
4508,UNVR
4509,UONE
4510,UONEK
4511,UPLD
4512,UPS
4513,UPWK
4514,URBN
4515,URG
4516,URGN
4517,URI
4518,UROV
4519,USA
4520,USAK
4521,USAP
4522,USAS
4523,USAU
4524,USB
4525,USCR
4526,USEG
4527,USFD
4528,USIO
4529,USLM
4530,USM
4531,USNA
4532,USPH
4533,USWS
4534,USX
4535,UTF
4536,UTG
4537,UTHR
4538,UTI
4539,UTL
4540,UTMD
4541,UTSI
4542,UUU
4543,UUUU
4544,UVE
4545,UVSP
4546,UVV
4547,V
4548,VAC
4549,VALU
4550,VAPO
4551,VAR
4552,VBF
4553,VBFC
4554,VBIV
4555,VBLT
4556,VBTX
4557,VC
4558,VCEL
4559,VCF
4560,VCIF
4561,VCNX
4562,VCRA
4563,VCTR
4564,VCV
4565,VCYT
4566,VEC
4567,VECO
4568,VEEV
4569,VEL
4570,VER
4571,VERB
4572,VERI
4573,VERO
4574,VERU
4575,VERY
4576,VET
4577,VFC
4578,VFF
4579,VFL
4580,VG
4581,VGI
4582,VGM
4583,VGR
4584,VGZ
4585,VHC
4586,VHI
4587,VIAC
4588,VIACA
4589,VIAV
4590,VICI
4591,VICR
4592,VIE
4593,VIR
4594,VIRC
4595,VIRT
4596,VISL
4597,VIVE
4598,VIVO
4599,VKI
4600,VKQ
4601,VKTX
4602,VLGEA
4603,VLO
4604,VLT
4605,VLY
4606,VMC
4607,VMD
4608,VMI
4609,VMM
4610,VMO
4611,VMW
4612,VNCE
4613,VNDA
4614,VNE
4615,VNO
4616,VNRX
4617,VNTR
4618,VOLT
4619,VOXX
4620,VOYA
4621,VPG
4622,VPV
4623,VRA
4624,VRAY
4625,VRCA
4626,VREX
4627,VRM
4628,VRME
4629,VRNS
4630,VRNT
4631,VRRM
4632,VRS
4633,VRSK
4634,VRSN
4635,VRT
4636,VRTS
4637,VRTU
4638,VRTV
4639,VRTX
4640,VSAT
4641,VSEC
4642,VSH
4643,VSLR
4644,VST
4645,VSTM
4646,VSTO
4647,VTA
4648,VTGN
4649,VTN
4650,VTNR
4651,VTOL
4652,VTR
4653,VTSI
4654,VTVT
4655,VUZI
4656,VVI
4657,VVNT
4658,VVPR
4659,VVR
4660,VVV
4661,VXRT
4662,VYGR
4663,VZ
4664,W
4665,WAB
4666,WABC
4667,WAFD
4668,WAFU
4669,WAL
4670,WASH
4671,WAT
4672,WATT
4673,WBA
4674,WBS
4675,WBT
4676,WCC
4677,WCN
4678,WD
4679,WDAY
4680,WDC
4681,WDFC
4682,WDR
4683,WEA
4684,WEC
4685,WELL
4686,WEN
4687,WERN
4688,WETF
4689,WEX
4690,WEYS
4691,WFC
4692,WGO
4693,WH
4694,WHD
4695,WHF
4696,WHG
4697,WHLM
4698,WHLR
4699,WHR
4700,WIA
4701,WIFI
4702,WILC
4703,WINA
4704,WING
4705,WINS
4706,WINT
4707,WIRE
4708,WISA
4709,WIW
4710,WIX
4711,WK
4712,WKHS
4713,WLDN
4714,WLFC
4715,WLK
4716,WLL
4717,WLTW
4718,WM
4719,WMB
4720,WMC
4721,WMG
4722,WMGI
4723,WMK
4724,WMS
4725,WMT
4726,WNC
4727,WNEB
4728,WOR
4729,WORK
4730,WORX
4731,WOW
4732,WPC
4733,WPG
4734,WPM
4735,WPRT
4736,WPX
4737,WRB
4738,WRE
4739,WRI
4740,WRK
4741,WRLD
4742,WRN
4743,WRTC
4744,WSBC
4745,WSBF
4746,WSC
4747,WSFS
4748,WSM
4749,WSO
4750,WSO.B
4751,WSR
4752,WST
4753,WSTG
4754,WSTL
4755,WTBA
4756,WTER
4757,WTFC
4758,WTI
4759,WTM
4760,WTRE
4761,WTRG
4762,WTRH
4763,WTS
4764,WTT
4765,WTTR
4766,WU
4767,WVE
4768,WVFC
4769,WVVI
4770,WW
4771,WWD
4772,WWE
4773,WWR
4774,WWW
4775,WY
4776,WYND
4777,WYNN
4778,WYY
4779,X
4780,XAIR
4781,XAN
4782,XBIO
4783,XBIT
4784,XCUR
4785,XEC
4786,XEL
4787,XELA
4788,XELB
4789,XENE
4790,XENT
4791,XERS
4792,XFLT
4793,XFOR
4794,XGN
4795,XHR
4796,XLNX
4797,XLRN
4798,XNCR
4799,XOM
4800,XOMA
4801,XONE
4802,XP
4803,XPEL
4804,XPER
4805,XPL
4806,XPO
4807,XRAY
4808,XRX
4809,XSPA
4810,XTNT
4811,XXII
4812,XYL
4813,Y
4814,YCBD
4815,YELP
4816,YETI
4817,YEXT
4818,YGYI
4819,YMAB
4820,YNDX
4821,YORW
4822,YRCW
4823,YTEN
4824,YTRA
4825,YUM
4826,YUMC
4827,YVR
4828,Z
4829,ZAGG
4830,ZBH
4831,ZBRA
4832,ZCMD
4833,ZDGE
4834,ZEN
4835,ZEUS
4836,ZG
4837,ZGNX
4838,ZGYH
4839,ZI
4840,ZION
4841,ZIOP
4842,ZIXI
4843,ZKIN
4844,ZM
4845,ZNGA
4846,ZNTL
4847,ZOM
4848,ZS
4849,ZSAN
4850,ZTR
4851,ZTS
4852,ZUMZ
4853,ZUO
4854,ZVO
4855,ZYME
4856,ZYNE
4857,ZYXI
