symbol,market_cap,screened_for_market_cap
A,29856.71,True
AA,2677.31,True
AAL,6921.525,True
AAMC,34.17653,True
AAME,41.31708,True
AAN,3670.574,True
AAOI,239.5821,True
AAON,2949.126,True
AAP,10630.08,True
AAPL,2068723,True
AAT,1570.933,True
AAU,103.1856,True
AAWW,1456.3,True
AAXN,5247.526,True
ABBV,162135.2,True
ABC,19720.1,True
ABCB,1752.476,True
ABEO,167.8599,True
ABG,2050.852,True
ABIO,26.0423,True
ABM,2555.313,True
ABMD,12428.09,True
ABR,1274.921,True
ABT,184418.4,True
ABTX,536.3298,True
ABUS,197.4186,True
AC,862.269,True
ACA,2324.183,True
ACAD,6079.382,True
ACAM,389.9878,True
ACB,1224.194,True
ACBI,269.2019,True
ACC,4929.981,True
ACCD,1532.241,True
ACCO,617.7824,True
ACEL,1048.297,True
ACER,29.06706,True
ACGL,12938.34,True
ACHC,2651.991,True
ACHV,26.40183,True
ACI,6471.651,True
ACIA,2809.058,True
ACIU,521.6752,True
ACIW,3387.501,True
ACLS,757.9861,True
ACM,6154.116,True
ACMR,1483.408,True
ACN,156680.8,True
ACNB,197.8303,True
ACOR,23.03957,True
ACP,178.3303,True
ACRE,323.718,True
ACRS,91.42675,True
ACRX,103.8728,True
ACST,25.54937,True
ACTG,187.2619,True
ACU,75.06929,True
ACV,269.8232,True
ACY,3.40867,True
ADBE,235966.5,True
ADC,3576.247,True
ADCT,2544.902,True
ADES,72.56533,True
ADI,43354.89,True
ADIL,17.62924,True
ADM,25832.02,True
ADMA,191.697,True
ADMP,56.54939,True
ADMS,151.8735,True
ADNT,1677.714,True
ADP,59563.11,True
ADPT,4860.058,True
ADRO,215.9072,True
ADS,2295.57,True
ADSK,51285.02,True
ADSW,2716.393,True
ADT,7927.762,True
ADTN,501.1606,True
ADTX,22.36901,True
ADUS,1375.696,True
ADVM,1104.563,True
ADX,1787.539,True
ADXS,27.10734,True
AE,92.09999,True
AEE,19509.4,True
AEF,337.4993,True
AEGN,492.3419,True
AEHR,41.22766,True
AEIS,2649.427,True
AEL,2260.243,True
AEM,24927.6,True
AEMD,15.57081,True
AEO,2128.335,True
AEP,39221.09,True
AER,3873.326,True
AERI,542.8234,True
AES,11686.35,True
AESE,40.85602,True
AEY,24.75677,True
AEYE,177.0516,True
AEZS,31.8078,True
AFB,387.7692,True
AFG,6076.509,True
AFI,76.65914,True
AFIN,744.5002,True
AFL,26990.86,True
AFMD,301.3136,True
AFT,198.7123,True
AFYA,2311.168,True
AG,3214.269,True
AGBA,61.96075,True
AGCO,5525.111,True
AGD,117.7151,True
AGE,30.11188,True
AGEN,719.0952,True
AGFS,133.774,True
AGI,5127.746,True
AGIO,2791.356,True
AGLE,325.5789,True
AGM,749.3881,True
AGM.A,,False
AGMH,322.7255,True
AGNC,7688.357,True
AGO,1821.894,True
AGR,15039.3,True
AGRO,606.8314,True
AGRX,255.782,True
AGS,128.9373,True
AGTC,150.9865,True
AGX,661.6807,True
AGYS,564.2613,True
AHC,31.47332,True
AHCO,1787.433,True
AHH,800.1885,True
AHPI,19.78674,True
AHT,30.58725,True
AI,100.1389,True
AIF,0,True
AIG,25670.73,True
AIHS,19.89303,True
AIKI,20.90674,True
AIM,70.25132,True
AIMC,2612.748,True
AIMT,2239.704,True
AIN,1654.022,True
AINC,17.67407,True
AINV,596.5889,True
AIO,734.5151,True
AIR,714.189,True
AIRG,130.5225,True
AIRI,33.68309,True
AIRT,32.16165,True
AIT,2359.863,True
AIV,5574.996,True
AIZ,7317.03,True
AJG,19851.51,True
AJRD,3274.576,True
AJX,207.9334,True
AKAM,17642.09,True
AKBA,384.2039,True
AKCA,1845.337,True
AKER,19.36791,True
AKR,1048.978,True
AKRO,1122.223,True
AKTS,311.0119,True
AKUS,782.2759,True
AL,3656.854,True
ALAC,49.62456,True
ALB,10074.23,True
ALBO,410.2957,True
ALC,25262.1,True
ALCO,226.9218,True
ALDX,226.0038,True
ALE,2790.142,True
ALEC,983.6435,True
ALEX,,False
ALG,1331.397,True
ALGN,24345.09,True
ALGT,2170.788,True
ALIM,28.93253,True
ALJJ,40.93257,True
ALK,5046.974,True
ALKS,2598.774,True
ALL,29298.38,True
ALLE,9192.906,True
ALLK,4095.052,True
ALLO,4600.799,True
ALLT,0,True
ALLY,9435.649,True
ALNA,44.21795,True
ALNY,14244.57,True
ALOT,49.64162,True
ALPN,170.0617,True
ALRM,2873.801,True
ALRN,45.54343,True
ALRS,361.2458,True
ALSK,121.8265,True
ALSN,4084.323,True
ALT,409.0941,True
ALTA,389.0383,True
ALTG,266.1925,True
ALTM,209.5793,True
ALTR,2919.455,True
ALUS,355.7813,True
ALV,6797.078,True
ALX,1358.897,True
ALXN,24759.97,True
ALYA,131.8627,True
AM,2859.582,True
AMAG,344.9689,True
AMAL,363.2794,True
AMAT,55673.72,True
AMBA,1792.219,True
AMBC,589.5636,True
AMC,767.4221,True
AMCI,213.1705,True
AMCR,17284.67,True
AMCX,1207.889,True
AMD,96284.39,True
AME,22841.34,True
AMED,7517.331,True
AMEH,1017.295,True
AMG,3296.424,True
AMGN,145486.3,True
AMH,8630.767,True
AMHC,123.75,True
AMK,1734.333,True
AMKR,2773.217,True
AMN,2583.849,True
AMNB,250.9733,True
AMOT,399.0296,True
AMP,18826.89,True
AMPE,125.2036,True
AMPH,945.9121,True
AMPY,42.5125,True
AMRB,62.34909,True
AMRC,1430.369,True
AMRH,6.42831,True
AMRK,172.9737,True
AMRS,624.4295,True
AMRX,1093.745,True
AMS,10.86981,True
AMSC,275.4988,True
AMSF,1269.277,True
AMSWA,443.1595,True
AMT,110883.8,True
AMTB,493.1944,True
AMTBB,,False
AMTD,21145.28,True
AMTI,881.7208,True
AMTX,42.63158,True
AMWD,1389.539,True
AMZN,1650241,True
AN,4910.212,True
ANAB,435.7651,True
ANAT,2059.022,True
ANDA,98.50885,True
ANDE,596.97,True
ANET,16049,True
ANF,848.3118,True
ANGI,6263.29,True
ANGO,346.1636,True
ANH,172.4878,True
ANIK,529.9367,True
ANIP,358.9839,True
ANIX,42.10319,True
ANSS,27556.36,True
ANTM,69471.12,True
ANVS,33.68277,True
ANY,17.95248,True
AOD,845.5566,True
AON,46964.79,True
AOS,7846.297,True
AOSL,337.0963,True
AP,45.95485,True
APA,5510.896,True
APAM,2912.779,True
APD,65921.51,True
APDN,39.34226,True
APEI,438.1395,True
APEN,31.48959,True
APEX,3.37182,True
APG,2358.269,True
APH,32358.97,True
APHA,1721.338,True
APLE,2477.781,True
APLS,2308.19,True
APLT,533.0654,True
APM,48.62198,True
APO,20578.52,True
APOG,552.6993,True
APPF,5202.789,True
APPN,4084.179,True
APPS,2058.217,True
APRE,545.3489,True
APRN,118.7512,True
APT,172.0221,True
APTO,623.2816,True
APTS,335.4469,True
APTV,23277,True
APTX,153.5674,True
APVO,25.40989,True
APWC,14.18451,True
APXT,456.74,True
APYX,161.8433,True
AQB,133.8195,True
AQMS,61.55597,True
AQN,10595.75,True
AQST,243.0711,True
AQUA,2314.688,True
AR,789.5339,True
ARA,222.5277,True
ARAV,82.81377,True
ARAY,205.1964,True
ARC,47.35055,True
ARCB,837.6474,True
ARCC,5954.746,True
ARCE,2645.769,True
ARCH,615.2396,True
ARCO,907.2441,True
ARCT,933.0916,True
ARD,3758.073,True
ARDC,289.874,True
ARDS,61.92822,True
ARDX,514.3411,True
ARE,20989.25,True
AREC,34.12567,True
ARES,10214.55,True
ARGO,1293.361,True
ARI,1346.669,True
ARKR,34.84895,True
ARL,143.1738,True
ARLO,415.6875,True
ARMK,7159.21,True
ARMP,55.25989,True
ARNA,3750.51,True
ARNC,2340.621,True
AROC,946.7565,True
AROW,427.779,True
ARPO,51.32296,True
ARQT,931.8186,True
ARR,624.2552,True
ARTL,3.32731,True
ARTNA,323.544,True
ARTW,11.86353,True
ARVN,1931.271,True
ARW,6050.998,True
ARWR,3686.597,True
ARYA,,False
ASA,433.4442,True
ASB,2148.51,True
ASC,116.8313,True
ASFI,85.97204,True
ASG,296.4883,True
ASGN,3713.325,True
ASH,4508.076,True
ASIX,388.4996,True
ASM,129.305,True
ASMB,616.6868,True
ASPN,220.9369,True
ASPS,167.2577,True
ASPU,263.2287,True
ASRT,77.14904,True
ASRV,47.16715,True
ASTC,13.0298,True
ASTE,1206.095,True
ASUR,109.0521,True
ASYS,79.09121,True
AT,181.1218,True
ATCO,2205.869,True
ATCX,252.8045,True
ATEC,367.4899,True
ATEN,571.9981,True
ATEX,722.3923,True
ATGE,1716.068,True
ATH,7243.609,True
ATHX,388.885,True
ATI,1140.059,True
ATIF,40.78214,True
ATKR,1260.897,True
ATLC,163.0112,True
ATLO,180.6304,True
ATNI,903.9724,True
ATNM,100.3948,True
ATNX,1189.107,True
ATO,11992.57,True
ATOM,198.8532,True
ATOS,21.51765,True
ATR,7654.33,True
ATRA,959.3149,True
ATRC,1928.918,True
ATRI,1177.462,True
ATRO,274.8005,True
ATRS,501.6035,True
ATSG,1492.128,True
ATTO,140.0349,True
ATUS,15406.29,True
ATVI,60985.61,True
ATXI,191.0801,True
AUB,1919.388,True
AUBN,151.1721,True
AUDC,937.9261,True
AUG,301.317,True
AUMN,66.63814,True
AUPH,2246.166,True
AUTO,55.87403,True
AUY,7461.046,True
AVA,2519.637,True
AVAV,1732.395,True
AVB,22814.53,True
AVCO,95.68183,True
AVCT,97.59008,True
AVD,436.6921,True
AVEO,122.0733,True
AVGO,145973.2,True
AVGR,35.09551,True
AVID,334.0439,True
AVK,480.9363,True
AVLR,10371.29,True
AVNS,1555.482,True
AVNW,111.0043,True
AVRO,598.3876,True
AVT,2782.575,True
AVTR,12230.24,True
AVXL,229.0253,True
AVY,9938.674,True
AVYA,1286.989,True
AWF,925.2444,True
AWH,286.5435,True
AWI,3417.159,True
AWK,25942.99,True
AWP,415.0826,True
AWR,2839.689,True
AWRE,58.05065,True
AWX,5.8519,True
AX,1482.31,True
AXAS,30.20205,True
AXDX,618.7806,True
AXGN,472.9934,True
AXGT,124.6107,True
AXL,912.9803,True
AXLA,161.0952,True
AXNX,1424.805,True
AXP,85081.38,True
AXR,39.36611,True
AXS,4141.986,True
AXSM,2548.007,True
AXTA,5429.754,True
AXTI,210.9303,True
AXU,508.9283,True
AY,2874.311,True
AYI,4294.314,True
AYLA,112.4577,True
AYRO,69.69284,True
AYTU,117.9765,True
AYX,7383.298,True
AZEK,5885.429,True
AZO,28189.86,True
AZPN,8665.284,True
AZRE,1197.747,True
AZRX,22.80228,True
AZZ,926.2569,True
B,1899.422,True
BA,96548.95,True
BAC,229945.2,True
BAF,124.737,True
BAH,11710.46,True
BAM,65806.48,True
BANC,624.8817,True
BAND,3580.412,True
BANF,1466.228,True
BANR,1278.717,True
BANX,124.0576,True
BAP,12459.93,True
BASI,53.29697,True
BATL,136.2754,True
BATRA,,False
BATRK,,False
BAX,41662.87,True
BB,3701.87,True
BBBY,1480.904,True
BBCP,257.3409,True
BBDC,396.1641,True
BBF,132.059,True
BBGI,36.41738,True
BBI,21.94624,True
BBIO,3538.699,True
BBK,160.2646,True
BBN,1502.222,True
BBQ,40.46998,True
BBSI,412.4054,True
BBW,49.86971,True
BBX,290.7477,True
BBY,27516.45,True
BC,4684.793,True
BCBP,139.0175,True
BCC,1713.284,True
BCDA,25.47288,True
BCE,50497.66,True
BCEI,401.0551,True
BCEL,371.408,True
BCLI,396.6215,True
BCML,141.2745,True
BCO,2354.768,True
BCOR,569.2496,True
BCOV,406.9538,True
BCOW,39.35478,True
BCPC,3198.612,True
BCRX,645.3474,True
BCSF,677.2582,True
BCV,137.0641,True
BCX,578.1197,True
BDC,1512.59,True
BDGE,407.3304,True
BDJ,1412.194,True
BDL,30.27736,True
BDN,1910.419,True
BDR,8.54807,True
BDSI,385.5692,True
BDTX,1017.048,True
BDX,67852.43,True
BE,1910.098,True
BEAM,1129.31,True
BEAT,1286.058,True
BECN,2307.398,True
BELFA,140.1404,True
BELFB,,False
BEN,10551.1,True
BERY,7034.43,True
BF.A,,False
BF.B,37083.95,True
BFAM,8231.332,True
BFC,496.7039,True
BFIN,111.9473,True
BFK,627.6387,True
BFO,78.38166,True
BFS,655.4,True
BFST,321.3775,True
BFY,68.81768,True
BFZ,414.0995,True
BG,6490.603,True
BGB,535.9726,True
BGCP,920.6663,True
BGFV,125.2749,True
BGH,0,True
BGI,11.63191,True
BGIO,0,True
BGR,201.0227,True
BGS,1924.942,True
BGSF,99.87469,True
BGT,260.5879,True
BGX,160.4995,True
BGY,565.1698,True
BH,301.2354,True
BH.A,,False
BHAT,37.24958,True
BHB,318.1222,True
BHC,7540.055,True
BHE,742.3448,True
BHF,3016.731,True
BHK,855.4111,True
BHLB,485.1283,True
BHR,83.82,True
BHTG,29.80176,True
BHV,25.56445,True
BHVN,3721.453,True
BIF,1026.993,True
BIG,1743.429,True
BIIB,43694.52,True
BILL,6979.717,True
BIMI,17.75738,True
BIO,14350.64,True
BIO.B,,False
BIOC,71.22627,True
BIOL,25.29711,True
BIOX,195.0508,True
BIPC,2373.549,True
BIT,603.6046,True
BJ,5745.322,True
BJRI,770.8873,True
BK,33219.81,True
BKCC,185.2548,True
BKD,531.3982,True
BKE,1016.317,True
BKH,3512.484,True
BKI,12808.93,True
BKK,303.5494,True
BKN,274.2863,True
BKNG,78528.83,True
BKR,15020.43,True
BKSC,91.25625,True
BKT,395.5421,True
BKTI,39.35427,True
BKU,2322.985,True
BKYI,29.61281,True
BL,4634.981,True
BLBD,313.491,True
BLCM,26.36145,True
BLD,4896.259,True
BLDP,4375.224,True
BLDR,3503.379,True
BLE,344.9639,True
BLFS,707.875,True
BLIN,7.8237,True
BLK,86096.79,True
BLKB,2975.5,True
BLL,26931.97,True
BLMN,1479.539,True
BLNK,202.4103,True
BLPH,89.84897,True
BLU,189.2037,True
BLUE,3728.353,True
BLW,536.8007,True
BLX,504.533,True
BMCH,2633.465,True
BME,0,True
BMEZ,,False
BMI,1811.111,True
BMO,52321.49,True
BMRA,80.97534,True
BMRC,432.0712,True
BMRG,236.6806,True
BMRN,13782.57,True
BMTC,560.5882,True
BMY,135123.4,True
BNED,119.1511,True
BNFT,325.8326,True
BNGO,72.70202,True
BNS,67039.83,True
BNSO,21.09132,True
BNTC,10.58034,True
BNY,180.2377,True
BOCH,127.5408,True
BOE,629.6748,True
BOH,2242.76,True
BOKF,4096.771,True
BOMN,432.1578,True
BOOM,545.2812,True
BOOT,860.1948,True
BORR,1137.444,True
BOSC,10.51674,True
BOTJ,44.08867,True
BOX,2907.458,True
BOXL,85.70587,True
BPFH,504.6885,True
BPMC,4037.072,True
BPOP,3244.054,True
BPRN,136.1585,True
BPTH,14.21365,True
BPYU,537.0687,True
BQH,44.74568,True
BR,15594.02,True
BRBR,773.5886,True
BRBS,78.22959,True
BRC,2464.993,True
BREW,306.0795,True
BRG,186.2052,True
BRID,161.3861,True
BRK.A,521343.2,True
BRK.B,,False
BRKL,776.5657,True
BRKR,6075.953,True
BRKS,3483.697,True
BRMK,1294.543,True
BRN,5.82298,True
BRO,12797.33,True
BROG,1000.755,True
BRP,2260.658,True
BRPA,28.95237,True
BRQS,41.73655,True
BRT,225.3544,True
BRX,3866.115,True
BRY,316.2887,True
BSBK,96.04993,True
BSD,98.0026,True
BSE,86.45069,True
BSET,123.7425,True
BSGM,220.8448,True
BSIG,1083.952,True
BSL,198.2489,True
BSQR,19.33805,True
BSRR,272.7114,True
BST,983.4153,True
BSTC,430.4878,True
BSTZ,1967.867,True
BSVN,92.26252,True
BSX,59344.39,True
BTA,161.1123,True
BTAI,917.6679,True
BTE,358.7091,True
BTG,8801.238,True
BTN,22.48137,True
BTO,441.9861,True
BTT,1733.027,True
BTU,264.06,True
BTZ,1302.162,True
BUI,0,True
BURL,14015.43,True
BUSE,987.832,True
BV,1307.087,True
BW,117.8567,True
BWA,8719.184,True
BWB,286.1182,True
BWEN,56.41292,True
BWFG,123.4239,True
BWG,261.3229,True
BWL.A,49.02871,True
BWMX,617.7068,True
BWXT,5577.288,True
BX,63412.39,True
BXC,181.4699,True
BXG,423.3083,True
BXMT,3549.67,True
BXMX,1199.08,True
BXP,13666.2,True
BXRX,60.81994,True
BXS,2335.04,True
BY,490.9034,True
BYD,3053.115,True
BYFC,31.62342,True
BYM,371.2907,True
BYND,7856.794,True
BYSI,355.2792,True
BZH,373.1714,True
BZM,28.92377,True
C,109339.5,True
CAAP,382.4532,True
CAAS,86.66385,True
CABA,238.2324,True
CABO,11107.59,True
CAC,491.8394,True
CACC,6628.258,True
CACI,5692.702,True
CADE,1245.772,True
CAE,5284.042,True
CAF,477.4536,True
CAG,18137.27,True
CAH,14540.32,True
CAI,400.7411,True
CAKE,1418.423,True
CAL,382.2941,True
CALA,254.0114,True
CALB,101.8309,True
CALM,1885.892,True
CALX,1173.865,True
CAMP,284.5383,True
CAMT,587.8021,True
CAPR,93.29475,True
CAR,2429.336,True
CARA,714.5541,True
CARE,189.179,True
CARG,2616.512,True
CARR,25984.95,True
CARS,563.1362,True
CARV,16.88729,True
CASA,377.4321,True
CASH,663.4648,True
CASI,199.5496,True
CASS,562.7105,True
CASY,6497.438,True
CAT,80240.45,True
CATB,113.7214,True
CATC,378.5236,True
CATM,967.3727,True
CATO,186.8754,True
CATY,1994.481,True
CB,56673.5,True
CBAN,101.637,True
CBAT,46.90126,True
CBAY,399.8896,True
CBB,765.7839,True
CBFV,105.9864,True
CBH,0,True
CBIO,103.0344,True
CBL,35.53479,True
CBLI,23.95015,True
CBMB,45.4303,True
CBMG,359.5101,True
CBNK,148.5674,True
CBOE,9900.23,True
CBPO,4163.586,True
CBRE,16167.1,True
CBRL,3229.253,True
CBSH,6695.345,True
CBT,2174.334,True
CBTX,394.4708,True
CBU,3341.318,True
CBZ,1312.907,True
CC,3430.979,True
CCAC,339.48,True
CCAP,367.584,True
CCB,167.9356,True
CCBG,347.3517,True
CCC,10834.65,True
CCCL,6.20026,True
CCD,553.6173,True
CCEP,20126.2,True
CCF,938.978,True
CCI,67394.53,True
CCJ,5613.099,True
CCK,10424.12,True
CCL,15329.41,True
CCMP,4439.645,True
CCNC,34.73542,True
CCNE,279.3375,True
CCO,574.8145,True
CCOI,3155.169,True
CCRC,79.55046,True
CCRN,246.0557,True
CCS,1206.292,True
CCX,,False
CCXI,3275.838,True
CCXX,1512.5,True
CDAY,10682.56,True
CDE,1876.784,True
CDEV,170.9096,True
CDK,5519.158,True
CDLX,1912.483,True
CDMO,384.0499,True
CDNA,1566.354,True
CDNS,29518.71,True
CDOR,53.20349,True
CDR,77.71551,True
CDTX,132.3143,True
CDW,16300.01,True
CDXC,278.5424,True
CDXS,723.7123,True
CDZI,360.8709,True
CE,12560.1,True
CECE,288.9192,True
CEE,137.2035,True
CEI,11.42481,True
CEIX,121.3194,True
CEL,0,True
CELC,54.32726,True
CELH,1316.56,True
CEM,194.058,True
CEMI,70.76701,True
CEN,0,True
CENT,2047.853,True
CENTA,,False
CENX,878.7411,True
CERC,167.0271,True
CERN,21990.53,True
CERS,965.4554,True
CET,756.8517,True
CETV,1107.504,True
CETX,19.92457,True
CEV,94.5912,True
CEVA,871.2846,True
CF,7096.537,True
CFB,486.9207,True
CFBI,49.96726,True
CFBK,73.45281,True
CFFA,364.5985,True
CFFI,114.0548,True
CFFN,1393.929,True
CFG,11678.03,True
CFMS,52.10181,True
CFR,4521.987,True
CFRX,146.5552,True
CFX,3992.078,True
CG,9003.276,True
CGA,15.81182,True
CGBD,509.0299,True
CGC,7838.186,True
CGEN,1278.453,True
CGIX,9.99196,True
CGNX,10934.86,True
CGO,112.9782,True
CGRO,186.3225,True
CHAQ,113.0644,True
CHCI,19.87314,True
CHCO,1032.023,True
CHCT,1079.946,True
CHD,23074.21,True
CHDN,6825.262,True
CHE,7906.586,True
CHEF,617.9899,True
CHEK,18.03035,True
CHFS,22.72855,True
CHGG,8445.909,True
CHH,5590.75,True
CHI,806.4038,True
CHKP,16821.21,True
CHMA,300.5719,True
CHMG,147.0331,True
CHMI,161.8886,True
CHN,272.9358,True
CHNG,4244.947,True
CHNR,27.65112,True
CHPM,381.375,True
CHRA,89.65743,True
CHRS,1317.2,True
CHRW,13199.21,True
CHS,146.2679,True
CHTR,123763.2,True
CHUY,442.4319,True
CHW,485.4551,True
CHWY,24567.64,True
CHX,2020.068,True
CHY,877.5399,True
CI,65585.7,True
CIA,327.9091,True
CIDM,79.44759,True
CIEN,6833.21,True
CIF,44.29845,True
CIGI,3326.389,True
CII,682.9993,True
CIIC,323.7609,True
CIK,149.5921,True
CIM,2006.98,True
CINF,13042,True
CIO,350.2147,True
CIR,581.3192,True
CIT,2010.297,True
CIVB,221.6916,True
CIX,166.472,True
CIZN,124.2411,True
CJJD,35.30446,True
CKH,635.8172,True
CKPT,130.2851,True
CKX,19.98827,True
CL,66199.87,True
CLAR,380.6733,True
CLB,927.9415,True
CLBK,1267.907,True
CLBS,30.91697,True
CLCT,406.3713,True
CLDB,60.81342,True
CLDR,3314.292,True
CLDT,371.516,True
CLDX,417.8705,True
CLEU,43.13,True
CLF,2630.715,True
CLFD,289.3165,True
CLGX,5276.046,True
CLH,3193.074,True
CLI,1200.114,True
CLIR,63.75877,True
CLM,857.8839,True
CLNC,753.4962,True
CLNE,510.6357,True
CLNY,1319.158,True
CLPR,117.3987,True
CLPS,52.61324,True
CLPT,66.54362,True
CLR,5721.573,True
CLRB,28.75676,True
CLRO,49.79907,True
CLS,1276.348,True
CLSD,71.83044,True
CLSK,154.106,True
CLSN,25.81824,True
CLUB,11.892,True
CLVS,454.2455,True
CLW,541.4006,True
CLWT,7.14481,True
CLX,26822.9,True
CLXT,178.1999,True
CM,46336.53,True
CMA,5765.962,True
CMBM,334.9559,True
CMC,2470.676,True
CMCL,,False
CMCO,878.373,True
CMCSA,202960.7,True
CMCT,152.7223,True
CMD,2206.356,True
CME,60829.76,True
CMG,36741.91,True
CMI,30178.97,True
CMLS,111.1395,True
CMO,585.5652,True
CMP,1963.678,True
CMPR,2205.36,True
CMRE,605.5109,True
CMRX,147.3849,True
CMS,17652.07,True
CMT,57.89337,True
CMTL,392.0013,True
CMU,119.8161,True
CNA,8689.631,True
CNBKA,256.2118,True
CNC,34576.95,True
CNCE,278.9739,True
CNDT,773.0986,True
CNET,31.96063,True
CNFR,27.73867,True
CNHI,9370.7,True
CNI,96286.45,True
CNK,1863.956,True
CNMD,2442.854,True
CNNB,26.1855,True
CNNE,3264.795,True
CNO,2447.492,True
CNOB,626.5027,True
CNP,10825.55,True
CNQ,30364.49,True
CNR,951.9907,True
CNS,2872.376,True
CNSL,542.088,True
CNSP,35.368,True
CNST,1010.326,True
CNTG,236.1001,True
CNTY,202.2996,True
CNX,1973.835,True
CNXN,1150.836,True
CO,413.4307,True
COCP,60.43475,True
CODA,67.73685,True
CODI,1094.214,True
CODX,231.4015,True
COF,33786.48,True
COFS,228.3246,True
COG,7305.969,True
COHN,26.85413,True
COHR,2704.337,True
COHU,699.5294,True
COKE,2580.483,True
COLB,1996.011,True
COLD,7725.447,True
COLL,669.4523,True
COLM,5942.128,True
COMM,2040.956,True
CONE,9100.914,True
CONN,342.6223,True
COO,17255.09,True
COOP,1689.524,True
COP,38462.22,True
COR,4962.309,True
CORE,1475.87,True
CORR,102.3864,True
CORT,2308.842,True
COST,153018.9,True
COTY,2953.179,True
COUP,19170.39,True
COWN,579.504,True
CP,51384.87,True
CPA,2292.934,True
CPAA,612,True
CPAH,28.40012,True
CPB,14376.98,True
CPE,252.3977,True
CPF,443.428,True
CPG,1107.145,True
CPHC,57.4283,True
CPHI,15.68864,True
CPIX,48.59498,True
CPK,1336.639,True
CPLG,336.1669,True
CPRI,2579.915,True
CPRT,24297.13,True
CPRX,318.6674,True
CPS,287.0707,True
CPSH,20.07854,True
CPSI,378.4757,True
CPSS,75.38016,True
CPST,42.4421,True
CPT,9076.321,True
CPTA,26.64993,True
CPZ,0,True
CR,3309.775,True
CRAI,327.6757,True
CRBP,755.8372,True
CRD.A,,False
CRD.B,389.6877,True
CRDF,141.4579,True
CREE,6665.284,True
CREG,6.02132,True
CREX,11.04822,True
CRF,445.022,True
CRHM,219.52,True
CRI,3530.514,True
CRIS,51.27144,True
CRK,1218.719,True
CRL,10166.23,True
CRM,231777,True
CRMD,124.9544,True
CRMT,687.4822,True
CRNC,1829.886,True
CRNT,177.6844,True
CRNX,462.0143,True
CRON,2444.039,True
CROX,2614.154,True
CRS,1031.155,True
CRSA,316.5625,True
CRSP,5755.506,True
CRT,36.72,True
CRTX,1281.239,True
CRUS,3406.055,True
CRVL,1512.049,True
CRVS,87.19113,True
CRWD,27472.79,True
CRWS,59.89843,True
CRY,700.3732,True
CSBR,102.0777,True
CSCO,172808.4,True
CSGP,32552.26,True
CSGS,1352.471,True
CSII,1293.212,True
CSIQ,1788.963,True
CSL,6967.659,True
CSLT,177.7446,True
CSOD,2260.95,True
CSPI,37.99949,True
CSPR,364.9775,True
CSQ,2129.941,True
CSSE,163.9297,True
CSTE,373.2521,True
CSTL,945.7276,True
CSTM,1120.158,True
CSTR,228.3304,True
CSU,20.57102,True
CSV,397.2363,True
CSWC,264.1375,True
CSWI,1110.486,True
CSX,57769.12,True
CTAS,34269.56,True
CTB,1778.32,True
CTBI,579.2775,True
CTEK,13.56419,True
CTG,74.34892,True
CTHR,19.77245,True
CTIB,6.97715,True
CTIC,75.1911,True
CTLT,13779.46,True
CTMX,303.021,True
CTO,209.6814,True
CTR,0,True
CTRA,73.96771,True
CTRE,1863.993,True
CTRM,462.2321,True
CTRN,240.6771,True
CTS,678.5861,True
CTSH,36227.11,True
CTSO,321.9578,True
CTT,472.05,True
CTVA,21948.04,True
CTXR,46.03938,True
CTXS,16941.18,True
CUB,1415.131,True
CUBA,0,True
CUBE,6188.303,True
CUBI,404.9611,True
CUE,466.3383,True
CULP,156.1077,True
CURO,326.6721,True
CUTR,298.5667,True
CUZ,4432.424,True
CVA,1170.682,True
CVBF,2508.459,True
CVCO,1699.5,True
CVCY,151.6844,True
CVE,7446.952,True
CVEO,151.5927,True
CVET,2514.894,True
CVGI,153.4317,True
CVGW,1107.346,True
CVI,1590.394,True
CVLT,1895.572,True
CVLY,130.4687,True
CVM,523.7426,True
CVNA,31908.72,True
CVR,19.32264,True
CVS,78836.3,True
CVU,30.40412,True
CVV,18.19616,True
CVX,152989.8,True
CW,4148.967,True
CWBC,70.32144,True
CWBR,61.42205,True
CWCO,174.6597,True
CWEN,,False
CWEN.A,4682.559,True
CWH,2699.453,True
CWK,2528.289,True
CWST,2688.944,True
CWT,2266.38,True
CXDC,76.99117,True
CXE,151.9339,True
CXH,86.54733,True
CXO,9963.227,True
CXP,1395.319,True
CXW,1135.296,True
CYAN,15.98072,True
CYBE,215.2686,True
CYBR,3949.825,True
CYCC,15.97819,True
CYCN,212.0013,True
CYD,676.8704,True
CYH,614.8416,True
CYRN,58.0091,True
CYRX,2065.491,True
CYTK,1594.816,True
CZNC,269.4908,True
CZR,8011.122,True
CZWI,77.49733,True
CZZ,4044.911,True
D,65921.8,True
DAC,117.5013,True
DAIO,27.94184,True
DAKT,182.9228,True
DAL,20264.71,True
DAN,2067.556,True
DAR,5537.453,True
DARE,27.71204,True
DB,16815.27,True
DBD,640.0386,True
DBI,506.9907,True
DBL,0,True
DBX,8163.888,True
DCF,0,True
DCI,5994.917,True
DCO,436.8454,True
DCOM,445.2835,True
DCPH,2570.216,True
DCTH,41.13087,True
DD,43149.06,True
DDD,647.6206,True
DDF,64.65742,True
DDOG,24136.4,True
DDS,726.1398,True
DE,66228.63,True
DEA,1890.964,True
DECK,5522.45,True
DEI,4878.929,True
DELL,47893.79,True
DENN,708.4436,True
DESP,605.9399,True
DEX,0,True
DFFN,54.32176,True
DFIN,366.3699,True
DFNS,215.625,True
DFP,509.5854,True
DFPH,291.8125,True
DFS,17502.78,True
DG,48740.88,True
DGICA,420.9909,True
DGICB,,False
DGII,394.3071,True
DGLY,54.49228,True
DGX,14624.21,True
DHC,938.7153,True
DHF,199.9461,True
DHI,24815.43,True
DHIL,402.3912,True
DHR,139455.6,True
DHT,896.6912,True
DHX,140.249,True
DHY,218.4006,True
DIAX,508.7742,True
DIN,1038.999,True
DIOD,2489.465,True
DIS,238514.3,True
DISCA,10847.38,True
DISCB,,False
DISCK,,False
DISH,17744.81,True
DIT,38.41735,True
DJCO,382.4666,True
DK,1090.867,True
DKNG,13155.54,True
DKS,4892.261,True
DLA,101.6292,True
DLB,6682.522,True
DLHC,98.46462,True
DLPH,1556.886,True
DLPN,24.84921,True
DLR,39052.66,True
DLTH,410.7471,True
DLTR,21649.58,True
DLX,1188.355,True
DLY,841.3895,True
DMAC,80.57802,True
DMB,249.5194,True
DMF,174.4948,True
DMO,148.9441,True
DMRC,191.1275,True
DMTK,215.7658,True
DMYT,331.2,True
DNB,10426.14,True
DNI,141.3318,True
DNKN,6242.16,True
DNLI,3270.639,True
DNN,388.1554,True
DNOW,779.8768,True
DNP,3073.877,True
DOC,3925.599,True
DOCU,39685.63,True
DOGZ,27.47104,True
DOMO,1160.671,True
DOOO,6077.685,True
DOOR,2251.62,True
DORM,2781.022,True
DOV,15782.01,True
DOW,36018.5,True
DOX,7814.866,True
DPG,419.883,True
DPHC,616,True
DPW,21.78745,True
DPZ,15023.16,True
DRAD,11.60456,True
DRE,14144.34,True
DRH,1155.2,True
DRI,11613.6,True
DRIO,119.5563,True
DRNA,1275.483,True
DRQ,1182.948,True
DRRX,324.9343,True
DRTT,185.3764,True
DS,93.42518,True
DSE,11.01809,True
DSGX,6276.304,True
DSKE,381.9052,True
DSL,1649.663,True
DSM,368.1902,True
DSPG,336.2727,True
DSS,31.76526,True
DSSI,308.5585,True
DSU,470.6394,True
DSWL,38.28343,True
DSX,127.6633,True
DT,11239.47,True
DTE,22888.83,True
DTEA,26.49572,True
DTF,122.3707,True
DTIL,243.4034,True
DTSS,65.76368,True
DUC,253.501,True
DUK,59547.94,True
DUOT,13.85775,True
DVA,10972.75,True
DVAX,534.4166,True
DVD,51.67718,True
DVN,4038.54,True
DWSN,40.63003,True
DX,358.4482,True
DXC,5249.118,True
DXCM,38128.38,True
DXLG,14.04871,True
DXPE,357.3545,True
DXR,58.52509,True
DXYN,14.85063,True
DY,1858.457,True
DYAI,206.391,True
DYFN,,False
DYNT,8.9656,True
DZSI,236.9563,True
EA,37581.13,True
EAD,452.8534,True
EAF,1763.444,True
EARN,139.4581,True
EARS,4.544,True
EAST,12.57692,True
EAT,2058.574,True
EB,1051.138,True
EBAY,36771.75,True
EBF,468.2733,True
EBIX,669.8751,True
EBMT,121.8478,True
EBON,974.9029,True
EBS,5545.47,True
EBSB,605.6356,True
EBTC,264.3231,True
ECC,0,True
ECF,154.2351,True
ECHO,719.5258,True
ECL,58435.39,True
ECOL,1134.035,True
ECOM,415.3511,True
ECOR,66.34352,True
ECPG,1463.835,True
ED,24431.63,True
EDD,383.9952,True
EDF,117.7328,True
EDI,0,True
EDIT,1897.364,True
EDNT,21.68708,True
EDRY,8.36581,True
EDSA,84.7285,True
EDUC,126.7407,True
EEA,71.84579,True
EEFT,5083.016,True
EEX,190.1375,True
EFC,543.2855,True
EFF,109.4564,True
EFL,0,True
EFOI,25.8218,True
EFR,435.1786,True
EFSC,822.3456,True
EFT,485.5397,True
EFX,20209.31,True
EGAN,357.2158,True
EGBN,945.1637,True
EGF,62.3361,True
EGHT,1656.282,True
EGLE,202.6483,True
EGO,2488.292,True
EGOV,1404.097,True
EGP,5189.595,True
EGRX,506.8597,True
EGY,62.62719,True
EHC,6577.355,True
EHI,434.451,True
EHT,0,True
EHTH,1645.42,True
EIC,79.38395,True
EIDX,1581.025,True
EIG,951.6,True
EIGI,848.647,True
EIGR,292.4297,True
EIM,975.9124,True
EIX,19765.83,True
EKSO,36.14545,True
EL,78013.18,True
ELA,85.35029,True
ELAN,11209.16,True
ELF,968.2809,True
ELLO,364.5658,True
ELMD,94.73215,True
ELOX,111.1814,True
ELS,11953.02,True
ELSE,11.85478,True
ELTK,21.37571,True
ELVT,91.36695,True
ELY,1924.703,True
EMAN,83.55276,True
EMCF,62.16494,True
EMD,795.1653,True
EME,3980.68,True
EMF,258.9215,True
EMKR,99.10525,True
EML,135.9796,True
EMN,10683.16,True
EMO,157.0433,True
EMR,41556.54,True
EMX,325.5136,True
ENB,83105.42,True
ENDP,657.2737,True
ENG,22.17488,True
ENLV,66.91494,True
ENOB,175.8214,True
ENPH,8336.019,True
ENR,3138.1,True
ENS,2973.417,True
ENSG,3005.781,True
ENSV,6.86465,True
ENTA,976.9113,True
ENTG,8970.852,True
ENTX,19.51058,True
ENV,4286.742,True
ENVA,537.4558,True
ENX,215.7889,True
ENZ,96.73958,True
EOD,196.6998,True
EOG,25117.99,True
EOI,590.2517,True
EOLS,130.6066,True
EOS,931.842,True
EOT,314.0775,True
EPAC,1250.965,True
EPAM,17666.18,True
EPAY,2053.087,True
EPC,1643.701,True
EPIX,273.6389,True
EPM,88.6529,True
EPR,2562.917,True
EPRT,1700.534,True
EPSN,73.29364,True
EPZM,1296.892,True
EQ,122.7727,True
EQBK,251.8629,True
EQC,3797.551,True
EQH,9424.159,True
EQIX,66610.89,True
EQR,21629.13,True
EQS,18.51986,True
EQT,3926.064,True
EQX,3753.495,True
ERC,335.9009,True
ERF,705.4759,True
ERH,113.2741,True
ERIE,9696.933,True
ERII,482.2051,True
EROS,562.2018,True
ES,29496.85,True
ESBK,36.60187,True
ESCA,254.4814,True
ESE,2260.073,True
ESEA,11.70454,True
ESGR,3854.321,True
ESI,2723.198,True
ESLT,19617.15,True
ESNT,4206.88,True
ESP,41.30126,True
ESPR,1057.366,True
ESQ,124.9043,True
ESRT,1152.688,True
ESS,14623.98,True
ESSA,145.9712,True
ESSC,174.5565,True
ESTA,452.1521,True
ESTC,8639.283,True
ESTE,180.935,True
ESXB,114.9035,True
ETB,364.1312,True
ETFC,12056.39,True
ETG,1177.312,True
ETH,363.5202,True
ETJ,635.7466,True
ETM,219.4272,True
ETN,41042.26,True
ETNB,620.5588,True
ETO,338.244,True
ETON,152.1408,True
ETR,19600.69,True
ETRN,4307.401,True
ETSY,13369.47,True
ETTX,75.32471,True
ETV,1287.423,True
ETW,950.1818,True
ETX,235.2694,True
ETY,1611.235,True
EURN,1625.564,True
EV,4600.423,True
EVBG,4392.655,True
EVBN,124.7434,True
EVC,127.1205,True
EVER,1030.486,True
EVF,224.9276,True
EVFM,283.6682,True
EVG,0,True
EVGN,230.9467,True
EVH,1178.948,True
EVI,297.1473,True
EVK,15.8458,True
EVLO,192.3898,True
EVM,286.1852,True
EVN,496.6329,True
EVOK,142.5417,True
EVOL,12.68277,True
EVOP,2083.065,True
EVR,2959.51,True
EVRG,11765.54,True
EVRI,630.6284,True
EVT,1479.708,True
EVTC,2550.413,True
EVV,1370.535,True
EVY,69.52153,True
EW,52045.9,True
EWBC,5335.466,True
EXAS,11217.5,True
EXC,36144.35,True
EXD,90.60107,True
EXEL,6386.943,True
EXFO,261.0309,True
EXG,2341.135,True
EXK,820.4542,True
EXLS,2130.206,True
EXP,3423.631,True
EXPC,346.5,True
EXPD,14720.48,True
EXPE,13543.18,True
EXPI,2646.706,True
EXPO,3946.532,True
EXPR,62.87992,True
EXR,13984.72,True
EXTN,144.8454,True
EXTR,497.5299,True
EYE,3166.273,True
EYEG,16.65632,True
EYEN,83.06678,True
EYES,17.29244,True
EYPT,61.35636,True
EZPW,308.3795,True
F,26962,True
FAF,5832.448,True
FAM,127.7312,True
FAMI,15.06205,True
FANG,5607.49,True
FARM,111.9887,True
FARO,1051.64,True
FAST,26541.69,True
FAT,56.3818,True
FATE,2701.718,True
FAX,,False
FB,805445.7,True
FBC,1769.249,True
FBHS,11405.53,True
FBIO,329.1469,True
FBIZ,131.0908,True
FBK,1332.786,True
FBM,664.507,True
FBMS,479.9565,True
FBNC,620.101,True
FBP,1330.762,True
FBRX,298.385,True
FBSS,58.84404,True
FC,266.5961,True
FCAP,209.2971,True
FCAU,14614.72,True
FCBC,342.3398,True
FCBP,173.8238,True
FCCO,101.2128,True
FCCY,122.5866,True
FCEL,557.8428,True
FCF,822.352,True
FCFS,2562.266,True
FCN,4132.655,True
FCNCA,3809.874,True
FCO,58.45609,True
FCPT,1824.552,True
FCT,296.8036,True
FCX,23264.54,True
FDBC,236.1445,True
FDEU,179.7288,True
FDP,1104.468,True
FDS,12631.7,True
FDUS,250.9721,True
FDX,59242.86,True
FE,15938.04,True
FEAC,1090.2,True
FEI,238.3267,True
FEIM,89.6762,True
FELE,2761.74,True
FEN,191.7996,True
FENC,131.5978,True
FEO,65.68195,True
FET,58.243,True
FEYE,3008.454,True
FF,525.7938,True
FFA,304.9381,True
FFBC,1380.766,True
FFBW,62.98735,True
FFC,972.482,True
FFG,1191.619,True
FFHL,13.38993,True
FFIC,355.8256,True
FFIN,4418.721,True
FFIV,7777.549,True
FFNW,98.35634,True
FFWM,682.7828,True
FGB,37.06838,True
FGBI,136.3775,True
FGEN,3901.533,True
FHB,2165.202,True
FHI,2354.609,True
FHN,5510.606,True
FI,547.2643,True
FIBK,2145.998,True
FICO,12163.22,True
FIF,0,True
FINS,,False
FIS,91701.31,True
FISI,279.8559,True
FISV,66315.44,True
FIT,1707.373,True
FITB,15405.77,True
FIV,0,True
FIVE,6996.394,True
FIVN,7555.44,True
FIX,1871.364,True
FIXX,449.4681,True
FIZZ,3778.906,True
FL,3363.629,True
FLC,221.3201,True
FLDM,437.8825,True
FLEX,5349.489,True
FLGT,625.6232,True
FLIC,374.894,True
FLIR,4610.248,True
FLL,58.81943,True
FLMN,235.7023,True
FLNG,2799.72,True
FLNT,230.4669,True
FLO,5089.047,True
FLOW,1877.796,True
FLR,1264.373,True
FLS,3829.299,True
FLT,20007.72,True
FLWS,1669.423,True
FLXN,607.3561,True
FLXS,145.052,True
FMAO,242.9466,True
FMBH,441.2896,True
FMBI,1465.969,True
FMC,14055.36,True
FMCI,,False
FMN,159.3453,True
FMNB,335.0579,True
FMO,57.34317,True
FMTX,1624.171,True
FMY,0,True
FN,2351.265,True
FNB,2482.221,True
FNCB,126.2682,True
FND,7289.088,True
FNF,9709.818,True
FNHC,112.7771,True
FNKO,297.1418,True
FNLC,230.8321,True
FNV,36232.78,True
FNWB,120.7481,True
FOCS,2360.197,True
FOE,1089.823,True
FOF,315.8485,True
FOLD,3522.101,True
FONR,166.8764,True
FOR,856.9084,True
FORD,14.56745,True
FORK,36.37236,True
FORM,1857.5,True
FORR,658.7989,True
FOSL,340.1135,True
FOUR,2041.337,True
FOX,,False
FOXA,16753.7,True
FOXF,3658.118,True
FPAY,37.59262,True
FPF,1333.814,True
FPH,347.3546,True
FPI,195.3332,True
FPL,100.0328,True
FPRX,148.7094,True
FR,5289.297,True
FRA,417.9166,True
FRAF,106.1683,True
FRAN,16.40782,True
FRBA,135.1811,True
FRBK,127.1285,True
FRC,19712.67,True
FRD,43.54473,True
FREE,322.0155,True
FREQ,597.5512,True
FRG,1007.545,True
FRGI,287.3385,True
FRHC,1365.582,True
FRME,1399.117,True
FRO,12916.88,True
FRPH,395.3,True
FRPT,4372.076,True
FRT,6206.917,True
FRTA,888.4821,True
FSBW,171.5401,True
FSD,476.0121,True
FSEA,39.07432,True
FSFG,104.5143,True
FSI,33.6615,True
FSK,1994.946,True
FSKR,2483.499,True
FSLF,91.1052,True
FSLR,7635.836,True
FSLY,8512.784,True
FSM,1665.056,True
FSP,473.3174,True
FSRV,319.15,True
FSS,1917.841,True
FSTR,156.132,True
FSV,7080.698,True
FT,177.4312,True
FTAC,368.1177,True
FTAI,1330.49,True
FTCH,8853.766,True
FTDR,3612.755,True
FTEK,17.77987,True
FTF,262.8106,True
FTFT,84.30459,True
FTHY,0,True
FTI,3509.878,True
FTK,181.8323,True
FTNT,19037.87,True
FTS,24164.24,True
FTSI,29.86377,True
FTV,25014.08,True
FUL,2546.374,True
FULC,205.8963,True
FULT,1675.835,True
FUN,1658.678,True
FUNC,77.88,True
FUND,182.2262,True
FUSB,41.03466,True
FUSN,511.2178,True
FUV,164.5061,True
FVAC,346.38,True
FVCB,142.1977,True
FVE,168.2921,True
FVRR,3907.846,True
FWONA,21926.72,True
FWONK,,False
FWRD,1648.345,True
FXNC,68.41584,True
G,7489.687,True
GAB,1551.59,True
GABC,778.5045,True
GAIA,225.3997,True
GAIN,306.4824,True
GALT,151.1657,True
GAM,1062.523,True
GAN,1092.39,True
GARS,55.69125,True
GASS,98.81052,True
GATX,2328.55,True
GAU,428.966,True
GBAB,433.851,True
GBCI,3450.946,True
GBDC,2157.648,True
GBIO,1388.187,True
GBL,368.6042,True
GBLI,365.9869,True
GBR,6.20964,True
GBT,3620.286,True
GBX,933.2846,True
GCBC,195.8937,True
GCI,250.8018,True
GCO,315.3687,True
GCP,1821.446,True
GCV,102.0119,True
GD,43527.65,True
GDDY,13354.81,True
GDEN,372.0828,True
GDL,128.8707,True
GDO,257.7243,True
GDOT,2705.432,True
GDP,107.1945,True
GDV,77.27643,True
GDYN,378.766,True
GE,56196.12,True
GEC,57.25538,True
GECC,46.73673,True
GEF,1942.113,True
GEF.B,,False
GEN,105.5787,True
GENC,181.555,True
GEO,1337.1,True
GEOS,85.8075,True
GER,62.18351,True
GERN,568.1545,True
GES,864.6389,True
GEVO,87.84464,True
GF,264.7631,True
GFED,62.2095,True
GFF,1187.306,True
GFL,7835.811,True
GFN,191.7174,True
GFY,77.44887,True
GGG,9752.571,True
GGM,0,True
GGN,586.8749,True
GGO,0,True
GGT,177.7754,True
GGZ,94.26216,True
GH,9028.718,True
GHC,2157.195,True
GHIV,429.9683,True
GHL,227.3732,True
GHM,140.6742,True
GHSI,20.24462,True
GHY,554.9278,True
GIB,20972.86,True
GIFI,43.32335,True
GIGM,31.49887,True
GIII,576.1535,True
GIK,0,True
GIL,5260.882,True
GILD,82758.34,True
GILT,1010.593,True
GIM,710.9641,True
GIS,38579.47,True
GIX,0,True
GKOS,2159.138,True
GL,8935.35,True
GLAD,232.0732,True
GLBS,21.47502,True
GLBZ,27.32969,True
GLDD,602.7077,True
GLEO,0,True
GLG,211.7171,True
GLIBA,8339.468,True
GLMD,89.73053,True
GLNG,997.5845,True
GLO,306.1319,True
GLOB,6725.181,True
GLOG,306.2676,True
GLPI,8301.459,True
GLQ,153.4776,True
GLRE,258.0926,True
GLT,668.6233,True
GLU,86.24539,True
GLUU,1298.486,True
GLV,81.47085,True
GLW,24388.38,True
GLYC,158.4461,True
GM,42932.89,True
GMBL,47.18866,True
GMDA,202.8345,True
GME,495.4057,True
GMED,5403.39,True
GMHI,,False
GMO,18.61194,True
GMRE,620.2385,True
GMS,1050.441,True
GMZ,58.45532,True
GNCA,66.22154,True
GNE,224.1524,True
GNK,265.4411,True
GNL,1566.84,True
GNLN,34.17746,True
GNMK,816.6095,True
GNPX,148.8748,True
GNRC,11208.58,True
GNRS,216.2979,True
GNSS,149.3678,True
GNT,0,True
GNTX,6640.965,True
GNTY,289.7858,True
GNUS,226.6959,True
GNW,2055.278,True
GO,3559.612,True
GOF,730.6758,True
GOGL,527.2619,True
GOGO,854.0389,True
GOLD,67055.07,True
GOLF,2572.063,True
GOOD,691.5245,True
GOOG,,False
GOOGL,1078761,True
GOOS,3619.329,True
GORO,281.0078,True
GOSS,975.9081,True
GPC,14061.43,True
GPI,1638.392,True
GPK,4037.596,True
GPL,438.9979,True
GPM,269.5486,True
GPMT,359.9371,True
GPN,51637.42,True
GPOR,97.68667,True
GPRE,487.025,True
GPRK,537.7026,True
GPRO,648.6749,True
GPS,6545.351,True
GPX,168.8069,True
GRA,2828.902,True
GRAF,452.3941,True
GRBK,715.3463,True
GRC,831.6095,True
GRF,29.29437,True
GRIF,274.6396,True
GRIL,18.75939,True
GRIN,70.32537,True
GRMN,19454.59,True
GRNQ,59.16833,True
GRNV,72.30625,True
GROW,50.66072,True
GRPN,949.4816,True
GRTS,108.3398,True
GRTX,183.6299,True
GRUB,6350.553,True
GRWG,679.1699,True
GRX,192.3967,True
GS,72579.43,True
GSAT,525.9857,True
GSBC,556.8579,True
GSBD,626.5402,True
GSHD,3696.946,True
GSIT,154.1588,True
GSKY,762.3749,True
GSL,97.04331,True
GSM,74.00746,True
GSMG,175.8757,True
GSS,741.0175,True
GSV,327.0421,True
GT,2234.571,True
GTE,94.86473,True
GTEC,30.56448,True
GTES,3332.07,True
GTHX,570.2191,True
GTIM,21.04285,True
GTLS,2309.434,True
GTN,1392.766,True
GTN.A,,False
GTS,445.3138,True
GTT,312.92,True
GTY,1221.357,True
GTYH,150.4457,True
GURE,45.37909,True
GUT,413.4544,True
GV,110.1062,True
GVA,878.7366,True
GVP,19.65984,True
GWB,797.1536,True
GWGH,284.2832,True
GWRE,9616.435,True
GWRS,254.5504,True
GWW,19182.97,True
GXGX,381.6563,True
GYRO,25.20556,True
H,6068.249,True
HA,636.6011,True
HAE,4539.092,True
HAFC,296.7573,True
HAIN,3364.796,True
HAL,14046.74,True
HALL,55.51298,True
HALO,3795.639,True
HAPP,49,True
HARP,346.2022,True
HAS,10832.33,True
HASI,3008.222,True
HAYN,246.8691,True
HBAN,10106.97,True
HBB,283.2341,True
HBCP,228.1003,True
HBI,5365.158,True
HBIO,124.2272,True
HBM,1538.893,True
HBMD,185.1739,True
HBNC,490.5153,True
HBP,60.51151,True
HBT,336.0774,True
HCA,46327.46,True
HCAC,377.4386,True
HCAP,18.11378,True
HCAT,1275.938,True
HCC,866.5706,True
HCCH,71.25519,True
HCCI,357.6609,True
HCCO,331.3215,True
HCFT,59.61469,True
HCHC,112.3275,True
HCI,443.4642,True
HCKT,361.3326,True
HCSG,1542.045,True
HD,290277,True
HDS,6366.348,True
HDSN,49.06392,True
HE,3746.004,True
HEAR,255.1164,True
HEBT,184.642,True
HEES,767.1106,True
HEI,13441.54,True
HEI.A,,False
HELE,5038.506,True
HEPA,28.24873,True
HEQ,0,True
HES,14481.86,True
HESM,5017.588,True
HEXO,403.3684,True
HFBL,40.07717,True
HFC,3697.192,True
HFFG,373.3589,True
HFRO,637.0164,True
HFWA,748.7007,True
HGLB,0,True
HGSH,22.11955,True
HGV,1934.662,True
HHC,3315.119,True
HHT,26.39956,True
HI,2336.097,True
HIBB,543.2532,True
HIE,0,True
HIFS,408.5753,True
HIG,14664.56,True
HIHO,10.32675,True
HII,5972.998,True
HIL,78.48774,True
HIO,633.8606,True
HIW,3835.849,True
HIX,567.9919,True
HJLI,14.4981,True
HL,2950.57,True
HLF,7281.867,True
HLI,4108.291,True
HLIO,1317.758,True
HLIT,574.3446,True
HLNE,3548.166,True
HLT,25218.51,True
HLX,528.2085,True
HMG,10.66676,True
HMHC,271.7931,True
HMN,1596.726,True
HMNF,68.38612,True
HMST,625.3632,True
HMSY,2366.081,True
HMTV,350.0632,True
HNGR,713.6272,True
HNI,1338.729,True
HNNA,64.86561,True
HNRG,21.23152,True
HNW,113.6634,True
HOFT,341.9555,True
HOFV,122.8419,True
HOG,4237.121,True
HOLI,641.3906,True
HOLX,15083.3,True
HOMB,2777.114,True
HOME,964.0566,True
HON,116980.2,True
HONE,522.7636,True
HOOK,220.3715,True
HOPE,1074.755,True
HOTH,31.03448,True
HOV,161.016,True
HP,1721.8,True
HPE,12336.42,True
HPF,385.6094,True
HPI,517.8734,True
HPP,3686.75,True
HPQ,27498.07,True
HPR,61.04892,True
HPS,515.5039,True
HQH,866.4001,True
HQI,94.85673,True
HQL,398.7076,True
HQY,4483.923,True
HR,4028.388,True
HRB,2922.412,True
HRC,6059.813,True
HRI,1232.064,True
HRL,27563.18,True
HROW,163.1319,True
HRTG,359.15,True
HRTX,1247.443,True
HRZN,206.4841,True
HSC,1132.266,True
HSDT,17.85632,True
HSIC,9371.275,True
HSII,427.4615,True
HSKA,922.5568,True
HSON,25.11388,True
HST,8420.843,True
HSTM,637.0702,True
HSTO,20.50939,True
HSY,30953.75,True
HT,260.2767,True
HTA,5808.917,True
HTBI,257.6279,True
HTBK,426.3169,True
HTBX,151.5318,True
HTD,689.254,True
HTGC,1247.064,True
HTGM,23.12,True
HTH,1882.968,True
HTLD,1657.518,True
HTLF,1252.814,True
HTY,58.05984,True
HTZ,224.9373,True
HUBB,7828.921,True
HUBG,1767.376,True
HUBS,12762.97,True
HUD,700.6802,True
HUGE,46.47627,True
HUM,54660.51,True
HUN,5074.384,True
HURC,203.5928,True
HURN,978.3051,True
HUSA,7.58703,True
HUSN,11.97648,True
HVBC,28.61005,True
HVT,402.9354,True
HVT.A,,False
HWBK,123.0976,True
HWC,1792.676,True
HWCC,44.36806,True
HWKN,528.2257,True
HWM,7719.705,True
HXL,3346.912,True
HY,680.108,True
HYAC,504,True
HYB,193.962,True
HYI,328.0473,True
HYMC,442.9132,True
HYRE,61.21502,True
HYT,1351.916,True
HZN,134.1165,True
HZNP,15121.97,True
HZO,558.8712,True
IAA,7045.646,True
IAC,10767.08,True
IAE,91.50219,True
IAF,105.297,True
IAG,2537.724,True
IART,3845.285,True
IBCP,329.7427,True
IBIO,336.6213,True
IBKR,21675.65,True
IBM,108917.8,True
IBOC,1979.009,True
IBP,2646.764,True
IBTX,2058.657,True
ICAD,221.4487,True
ICBK,122.6934,True
ICCC,38.34604,True
ICCH,37.75761,True
ICD,14.55207,True
ICE,54344.27,True
ICFI,1291.218,True
ICHR,537.7076,True
ICL,15410.07,True
ICLR,9367.974,True
ICMB,47.07129,True
ICON,8.06435,True
ICPT,1492.052,True
ICUI,3922.917,True
IDA,4441.589,True
IDCC,1907.814,True
IDE,178.7133,True
IDEX,275.2717,True
IDN,112.9151,True
IDRA,68.99052,True
IDT,169.3837,True
IDXG,11.46393,True
IDXX,31526.37,True
IDYA,355.8402,True
IEA,135.3924,True
IEC,93.49876,True
IESC,610.8296,True
IEX,13412.16,True
IFF,13165.54,True
IFMK,27.50663,True
IFN,446.3469,True
IFRX,96.49911,True
IFS,2845.786,True
IGA,151.016,True
IGC,59.73439,True
IGD,475.6794,True
IGI,230.2314,True
IGIC,327.446,True
IGMS,1545.02,True
IGR,715.8656,True
IGT,2329.219,True
IHC,524.8383,True
IHD,0,True
IHIT,0,True
IHRT,635.9924,True
IHT,11.19119,True
IHTA,0,True
IID,36.39436,True
IIF,229.8571,True
III,102.4114,True
IIIN,346.6931,True
IIIV,724.2548,True
IIM,699.7304,True
IIN,107.7414,True
IIPR,2554.574,True
IIVI,4043.066,True
IKNX,6.937,True
ILMN,49988.94,True
ILPT,1424.177,True
IMAC,8.2643,True
IMAX,942.3076,True
IMBI,77.25656,True
IMGN,615.261,True
IMH,29.9341,True
IMKTA,791.1442,True
IMMR,244.7365,True
IMMU,9691.849,True
IMO,15349.54,True
IMRA,395.3505,True
IMTE,10.26707,True
IMTX,625.1223,True
IMUX,273.9656,True
IMV,351.0232,True
IMVT,3134.946,True
IMXI,630.4647,True
INBK,159.4305,True
INCY,19790.08,True
INDB,2064.704,True
INDO,32.2246,True
INFI,57.19238,True
INFN,1176.78,True
INFO,31423.36,True
INFU,273.4784,True
INGN,612.7742,True
INGR,5460.114,True
INMB,125.2004,True
INMD,1178.335,True
INN,639.4641,True
INO,1603.171,True
INOD,49.40546,True
INOV,3761.057,True
INPX,44.79487,True
INS,318.6221,True
INSE,70.00966,True
INSG,1035.722,True
INSI,217.8421,True
INSM,2785.653,True
INSP,3169.912,True
INSU,278.82,True
INSW,441.5839,True
INT,1598.042,True
INTC,212990.2,True
INTG,68.67425,True
INTT,49.06599,True
INTU,87210.6,True
INUV,36.49156,True
INVA,1170.069,True
INVE,95.90449,True
INVH,16070.48,True
INWK,150.073,True
IO,27.31121,True
IONS,5650.837,True
IOR,49.78556,True
IOSP,1819.011,True
IOVA,4488.484,True
IP,15342.41,True
IPAR,1419.911,True
IPDN,12.05065,True
IPG,6956.225,True
IPGP,8662.245,True
IPHI,5521.207,True
IPI,128.8292,True
IPOB,621,True
IPOC,1133.325,True
IPV,307.76,True
IPWR,15.28203,True
IQI,653.6437,True
IQV,30643.52,True
IR,14726.36,True
IRBT,1991.22,True
IRDM,3729.304,True
IRET,969.8052,True
IRIX,27.70544,True
IRL,41.71149,True
IRM,8690.554,True
IRMD,257.0979,True
IROQ,52.04044,True
IRR,57.97868,True
IRT,1150.207,True
IRTC,6312.243,True
IRWD,1563.786,True
ISBC,2056.742,True
ISD,0,True
ISDR,60.89106,True
ISEE,399.183,True
ISIG,8.44475,True
ISNS,18.73663,True
ISR,42.73485,True
ISRG,86046.79,True
ISSC,122.9672,True
ISTR,151.5518,True
IT,11705.53,True
ITCI,1214.875,True
ITGR,2267.235,True
ITI,181.3014,True
ITIC,256.9894,True
ITP,12.12735,True
ITRI,2384.856,True
ITRM,12.63726,True
ITRN,319.2659,True
ITT,5439.744,True
ITW,61304.05,True
IVAC,147.9563,True
IVC,230.2238,True
IVH,199.837,True
IVR,522.2228,True
IVZ,5229.9,True
IZEA,48.89871,True
J,11973.93,True
JACK,1889.402,True
JAGX,13.42317,True
JAKK,17.06233,True
JAN,12.14308,True
JAX,61.99822,True
JAZZ,7303.902,True
JBGS,4114.111,True
JBHT,14414.4,True
JBL,4955.392,True
JBLU,3304.526,True
JBSS,921.5647,True
JBT,3214.727,True
JCAP,401.5216,True
JCE,210.3042,True
JCI,30736.6,True
JCO,0,True
JCOM,3307.696,True
JCS,40.70027,True
JCTCF,26.31758,True
JDD,157.1027,True
JE,56.86522,True
JEF,4759.186,True
JELD,2058.631,True
JEMD,0,True
JEQ,105.5252,True
JFK,77.17172,True
JFR,474.7,True
JGH,328.6554,True
JHAA,,False
JHB,511.9776,True
JHG,3754.275,True
JHI,1627.219,True
JHS,176.3293,True
JHY,150.4077,True
JIH,439.875,True
JILL,25.94057,True
JJSF,2687.612,True
JKHY,12505.65,True
JLL,5334.976,True
JLS,107.488,True
JMM,67.41357,True
JMP,49.45463,True
JNCE,227.5272,True
JNJ,391211.3,True
JNPR,7709.878,True
JOB,18.19714,True
JOE,1307.193,True
JOF,228.0878,True
JOUT,810.5153,True
JPC,898.9932,True
JPI,520.6872,True
JPM,315488,True
JPS,1827.905,True
JPT,0,True
JQC,827.2167,True
JRI,0,True
JRO,335.2759,True
JRS,229.1173,True
JRSH,56.625,True
JRVR,1458.303,True
JSD,0,True
JTA,117.4556,True
JTD,193.6556,True
JVA,20.60659,True
JW.A,2188.26,True
JW.B,,False
JWN,2556.495,True
JYNT,246.7864,True
K,23736.87,True
KAI,1324.016,True
KALA,446.2365,True
KALU,1019.094,True
KALV,233.6328,True
KAMN,1237.605,True
KAR,2280.866,True
KBAL,411.1432,True
KBH,3131.332,True
KBLM,,False
KBR,3501.987,True
KBSF,4.40521,True
KDMN,710.2188,True
KDP,41568.58,True
KE,340.8271,True
KELYA,734.9005,True
KELYB,,False
KEN,1090.891,True
KEQU,26.41908,True
KERN,81.73395,True
KEX,2485.573,True
KEY,12580.64,True
KEYS,17768.88,True
KF,147.4885,True
KFFB,50.86633,True
KFRC,763.7714,True
KFS,65.18077,True
KFY,1660.887,True
KGC,14215.64,True
KHC,40919.71,True
KIDS,891.8345,True
KIM,5475.496,True
KIN,179.9137,True
KINS,63.59524,True
KIO,0,True
KIQ,35.76733,True
KIRK,100.8766,True
KKR,30170.76,True
KL,18610.5,True
KLAC,30061.58,True
KLDO,205.4595,True
KLIC,1497.767,True
KLR,207.8681,True
KLXE,55.23039,True
KMB,51917.61,True
KMDA,1486.338,True
KMF,210.5007,True
KMI,30603,True
KMPR,4955.997,True
KMT,2589.001,True
KMX,17217.75,True
KN,1406.691,True
KNDI,342.8928,True
KNL,639.9326,True
KNSA,1043.222,True
KNSL,4259.834,True
KNX,7717.029,True
KO,219239.2,True
KOD,2124.28,True
KODK,460.5167,True
KOP,491.6282,True
KOPN,116.3994,True
KOS,490.5462,True
KOSS,14.13804,True
KPTI,1118.338,True
KR,27593.03,True
KRA,466.7907,True
KRC,6668.722,True
KREF,1095.777,True
KRG,1060.274,True
KRMD,315.2707,True
KRNT,2462.203,True
KRNY,721.507,True
KRO,1465.082,True
KROS,989.6651,True
KRTX,1972.239,True
KRUS,115.1194,True
KRYS,833.5594,True
KSM,122.347,True
KSS,3510.495,True
KSU,17737.66,True
KTB,1380.288,True
KTCC,88.55217,True
KTF,442.4105,True
KTOS,2363.559,True
KURA,1357.548,True
KVHI,152.0108,True
KW,2107.852,True
KWR,3439.24,True
KXIN,26.7495,True
KYN,595.568,True
KZR,214.6292,True
L,10339.98,True
LAC,856.5301,True
LACQ,0,True
LAD,5552.862,True
LADR,930.6568,True
LAKE,169.4958,True
LAMR,6776.441,True
LANC,4958.449,True
LAND,336.9491,True
LARK,105.8419,True
LASR,839.6763,True
LATN,247.25,True
LAUR,2585.346,True
LAWS,371.5905,True
LAZ,3573.557,True
LAZY,124.3229,True
LB,8375.575,True
LBAI,552.6206,True
LBC,487.2654,True
LBRDA,24855.81,True
LBRDK,,False
LBRT,979.1351,True
LBTYA,13179.15,True
LBTYB,,False
LBTYK,,False
LC,378.3167,True
LCA,,False
LCI,217.5938,True
LCII,2815.436,True
LCNB,193.3435,True
LCTX,128.984,True
LCUT,223.3473,True
LDL,334.613,True
LDOS,12582.71,True
LDP,690.0882,True
LE,425.7637,True
LEA,7220.204,True
LEAF,127.5928,True
LECO,5622.012,True
LEDS,12.05903,True
LEE,48.64772,True
LEG,5583.009,True
LEGH,356.3505,True
LEN,22416.48,True
LEN.B,,False
LEO,515.0968,True
LEU,118.9977,True
LEVI,4925.517,True
LEVL,125.9921,True
LFAC,,False
LFUS,4382.946,True
LFVN,211.0051,True
LGC,,False
LGF.A,1982.88,True
LGF.B,,False
LGI,203.0808,True
LGIH,2712.137,True
LGL,44.30246,True
LGND,1592.862,True
LH,17115.13,True
LHCG,6398.913,True
LHX,39289.19,True
LIFE,35.47741,True
LII,10616.62,True
LILA,1803.739,True
LILAK,,False
LIN,130131.7,True
LINC,171.3411,True
LIND,580.3209,True
LIQT,148.5349,True
LITE,5741.52,True
LIVE,16.49249,True
LIVK,80.0975,True
LIVN,2194.388,True
LIVX,161.0603,True
LJPC,108.3539,True
LKCO,84.8871,True
LKFN,1208.833,True
LKQ,9676.504,True
LL,592.3521,True
LLIT,11.40345,True
LLNW,612.8037,True
LLY,144340.9,True
LMAT,643.4265,True
LMB,57.71236,True
LMFA,9.38635,True
LMND,2674.386,True
LMNL,550.8804,True
LMNR,257.3296,True
LMNX,1114.106,True
LMPX,174.895,True
LMST,81.74181,True
LMT,107629.3,True
LNC,7385.943,True
LNDC,298.2673,True
LNG,13129.76,True
LNN,1077.192,True
LNT,13303.55,True
LNTH,869.9102,True
LOAC,28.107,True
LOAK,256.2125,True
LOAN,38.89053,True
LOB,960.2322,True
LOCO,654.1414,True
LODE,34.7589,True
LOGC,145.6348,True
LOGI,10860.71,True
LONE,7.35884,True
LOOP,436.4919,True
LOPE,4263.861,True
LORL,495.6083,True
LOVE,427.4943,True
LOW,118189.6,True
LPCN,84.73384,True
LPG,406.2027,True
LPI,172.8628,True
LPLA,6624.57,True
LPRO,2241.946,True
LPSN,3433.116,True
LPTH,54.56994,True
LPTX,110.3668,True
LPX,3553.384,True
LQDA,163.8345,True
LQDT,248.5292,True
LRCX,48510.68,True
LRMR,188.1135,True
LRN,1416.086,True
LSAC,82.79126,True
LSBK,74.48879,True
LSCC,3772.137,True
LSI,5053.117,True
LSTR,5107.922,True
LSXMA,,False
LSXMB,,False
LSXMK,,False
LTBR,15.30939,True
LTC,1463.361,True
LTHM,1265.076,True
LTRN,88.28959,True
LTRPA,292.8147,True
LTRPB,,False
LTRX,134.7614,True
LUB,32.15674,True
LULU,47058.12,True
LUMO,122.2434,True
LUNA,189.103,True
LUV,23235.06,True
LVGO,12527.6,True
LVS,39687.22,True
LW,9073.376,True
LWAY,76.46195,True
LXFR,420.21,True
LXP,3119.313,True
LXRX,171.3694,True
LXU,62.73874,True
LYB,24056.46,True
LYFT,9040.975,True
LYL,11.42139,True
LYRA,145.7891,True
LYTS,169.2065,True
LYV,12509.53,True
LZB,1450.698,True
M,2373.379,True
MA,335365.4,True
MAA,13535.12,True
MAC,1328.375,True
MACK,52.45055,True
MAG,1929.688,True
MAGS,82.19665,True
MAIN,1962.787,True
MAN,4256.605,True
MANH,5904.946,True
MANT,2993.9,True
MANU,2490.349,True
MAR,33994.71,True
MARA,67.1788,True
MARK,106.3675,True
MAS,14755.64,True
MASI,11743.51,True
MAT,3748.226,True
MATW,719.0928,True
MATX,1734.656,True
MAV,260.7383,True
MAXR,1440.258,True
MAYS,37.29193,True
MBCN,114.1682,True
MBI,472.4091,True
MBII,180.7428,True
MBIN,593.022,True
MBIO,175.9442,True
MBOT,45.24777,True
MBRX,47.38272,True
MBUU,1043.303,True
MBWM,352.5384,True
MC,2016.709,True
MCA,501.9794,True
MCB,258.0173,True
MCBC,249.7211,True
MCBS,341.4651,True
MCC,43.33697,True
MCD,157548.8,True
MCF,196.8976,True
MCFT,397.2581,True
MCHP,27302.63,True
MCHX,80.20361,True
MCI,0,True
MCK,24722.59,True
MCMJ,162.4096,True
MCN,124.2153,True
MCO,53019.62,True
MCR,379.7793,True
MCRB,2098.203,True
MCRI,841.9948,True
MCS,498.2097,True
MCY,2489.435,True
MD,1517.8,True
MDB,12627.99,True
MDC,2682.513,True
MDCA,161.4845,True
MDGL,1681.521,True
MDIA,23.84411,True
MDJH,47.14532,True
MDLA,4424.431,True
MDLY,21.52225,True
MDLZ,82672.23,True
MDP,771.3474,True
MDRR,5.93496,True
MDRX,1434.13,True
MDT,142137.3,True
MDU,4860.66,True
MDWD,84.62661,True
MEC,177.325,True
MED,1887.656,True
MEDP,4255.348,True
MEDS,45.67314,True
MEI,1111.631,True
MEIP,260.7567,True
MELI,53854.77,True
MEN,331.5421,True
MEOH,-99999.99,True
MERC,542.7531,True
MESA,125.0124,True
MET,35534.98,True
METC,116.3577,True
METX,364.523,True
MFA,1223.992,True
MFAC,,False
MFC,37160.13,True
MFD,66.75552,True
MFIN,73.20831,True
MFL,504.0196,True
MFM,264.4246,True
MFNC,108.0746,True
MFT,115.8193,True
MFV,38.7814,True
MG,130.1233,True
MGA,18914.52,True
MGEE,2329.644,True
MGEN,50.97178,True
MGF,151.5262,True
MGI,184.3361,True
MGIC,682.0603,True
MGLN,1912.708,True
MGM,11601.97,True
MGNI,744.194,True
MGNX,1431.941,True
MGP,13279.03,True
MGPI,689.5558,True
MGRC,1566.124,True
MGTA,314.6078,True
MGTX,472.2673,True
MGU,226.1748,True
MGY,1539.541,True
MGYR,50.14674,True
MHD,218.8297,True
MHE,31.67687,True
MHF,160.3,True
MHH,197.6489,True
MHI,263.9199,True
MHK,6580.558,True
MHLD,106.7457,True
MHN,429.3106,True
MHO,1187.13,True
MIC,2402.664,True
MICT,54.64343,True
MIDD,5360.986,True
MIE,0,True
MIK,1548.094,True
MIME,2901.239,True
MIN,447.4919,True
MIND,29.35918,True
MIRM,543.7954,True
MIST,191.4721,True
MITK,485.5496,True
MITT,93.80281,True
MIY,412.8384,True
MKC,26867.72,True
MKC.V,,False
MKGI,35.09169,True
MKL,14723.27,True
MKSI,6293.651,True
MKTX,17256.26,True
MLAB,1241.823,True
MLHR,1381.705,True
MLI,1689.559,True
MLM,13394.65,True
MLND,29.82953,True
MLP,217.5058,True
MLR,358.3598,True
MLSS,93.53401,True
MLVF,95.65711,True
MMAC,133.3669,True
MMC,58458.55,True
MMD,571.3619,True
MMI,1148.378,True
MMM,95486.74,True
MMP,8471.118,True
MMS,4613.774,True
MMSI,2720.945,True
MMT,366.7817,True
MMU,527.7713,True
MMX,750.9894,True
MMYT,1861.684,True
MN,69.82129,True
MNCL,,False
MNDO,46.15948,True
MNK,125.1917,True
MNKD,375.8469,True
MNOV,224.0834,True
MNP,139.5657,True
MNPR,56.25872,True
MNR,1422.614,True
MNRL,592.4288,True
MNRO,1563.439,True
MNSB,107.4001,True
MNST,43388.91,True
MNTA,6207.605,True
MNTX,88.95366,True
MO,80821.7,True
MOBL,691.9503,True
MOD,342.6892,True
MODN,1240.567,True
MOFG,318.2836,True
MOG.A,2064.914,True
MOG.B,,False
MOGO,56.54208,True
MOH,10851.9,True
MORF,807.2253,True
MORN,6763.52,True
MOS,7024.538,True
MOSY,5.02185,True
MOTS,32.69821,True
MOV,186.2769,True
MOXC,37.72626,True
MPA,191.0372,True
MPAA,325.252,True
MPB,169.6756,True
MPC,21889.4,True
MPV,116.4597,True
MPW,9730.462,True
MPWR,11489.19,True
MPX,495.6057,True
MQT,296.8634,True
MQY,481.5681,True
MR,172.1828,True
MRAM,99.10021,True
MRBK,93.19301,True
MRC,538.3633,True
MRCC,152.3203,True
MRCY,3974.922,True
MRIN,9.19116,True
MRK,215592.5,True
MRKR,75.05439,True
MRLN,83.9454,True
MRNA,24701.14,True
MRNS,224.8382,True
MRO,3891.935,True
MRSN,1108.325,True
MRTN,1492.065,True
MRTX,6165.323,True
MRUS,317.3038,True
MRVL,25038.67,True
MS,83111.07,True
MSA,4776.574,True
MSB,268.6978,True
MSBI,337.9044,True
MSCI,29120.79,True
MSD,178.3838,True
MSEX,1116,True
MSFT,1621370,True
MSGE,1534.993,True
MSGN,595.4617,True
MSGS,3994.3,True
MSI,25984.22,True
MSM,3741.111,True
MSN,13.93865,True
MSON,211.2701,True
MSTR,1377.277,True
MSVB,42.20535,True
MTA,420.5625,True
MTB,13584.86,True
MTBC,112.0159,True
MTC,15.41376,True
MTCH,27546.1,True
MTD,22754.96,True
MTDR,1111.152,True
MTEM,502.687,True
MTEX,35.00666,True
MTG,3196.134,True
MTH,3508.408,True
MTN,8815.659,True
MTNB,145.5555,True
MTOR,1685.787,True
MTR,7.7339,True
MTRN,1072.81,True
MTRX,220.678,True
MTSC,463.2148,True
MTSI,2201.195,True
MTSL,5.42726,True
MTT,246.9331,True
MTW,328.9857,True
MTX,1752.719,True
MTZ,3316.651,True
MU,51639.21,True
MUA,522.7306,True
MUC,584.2854,True
MUE,288.0405,True
MUH,166.1899,True
MUI,536.5307,True
MUJ,421.551,True
MUR,1872.367,True
MUS,164.8114,True
MUSA,3985.957,True
MUX,503.1127,True
MVBF,198.3785,True
MVC,141.9782,True
MVF,566.0215,True
MVIS,212.9075,True
MVO,32.085,True
MVT,296.1975,True
MWA,1707.567,True
MWK,141.9284,True
MX,457.4344,True
MXC,8.79312,True
MXE,0,True
MXF,0,True
MXIM,18316.63,True
MXL,1649.487,True
MYC,297.731,True
MYD,637.6387,True
MYE,541.2178,True
MYF,182.1213,True
MYFW,107.9847,True
MYGN,925.6484,True
MYI,910.4931,True
MYJ,342.8035,True
MYL,8172.932,True
MYN,519.376,True
MYO,13.07157,True
MYOK,6005.783,True
MYOS,15.63777,True
MYOV,1797.577,True
MYRG,623.9113,True
MYSZ,0,True
MYT,13.66345,True
MZA,66.5355,True
NAC,2098.658,True
NAD,3049.863,True
NAII,48.74047,True
NAK,668.9814,True
NAKD,9.65847,True
NAN,423.8973,True
NAOV,5.71117,True
NARI,3453.379,True
NAT,543.2811,True
NATH,215.4051,True
NATI,4588.435,True
NATR,215.2037,True
NAV,3716.49,True
NAVB,77.89954,True
NAVI,1786.068,True
NAZ,0,True
NBAC,74.227,True
NBB,619.6095,True
NBEV,186.6454,True
NBH,278.4265,True
NBHC,888.3354,True
NBIX,10263.63,True
NBL,4701.103,True
NBN,169.5288,True
NBO,60.47204,True
NBR,267.6826,True
NBRV,83.04691,True
NBSE,182.8978,True
NBTB,1357.621,True
NBW,72.21908,True
NBY,32.56965,True
NC,148.0302,True
NCA,296.0791,True
NCB,50.43621,True
NCBS,624.645,True
NCLH,5076.9,True
NCMI,366.2083,True
NCR,2601.384,True
NCSM,28.26091,True
NCV,427.467,True
NCZ,319.6862,True
NDAQ,21401.23,True
NDLS,342.6409,True
NDP,0,True
NDRA,15.04999,True
NDSN,10779.29,True
NEA,3969.911,True
NEE,135789.1,True
NEM,52480.7,True
NEO,3953.417,True
NEOG,3939.686,True
NEON,107.5065,True
NEOS,33.03738,True
NEPH,62.64493,True
NEPT,376.0022,True
NERV,120.3182,True
NES,30.44077,True
NESR,629.9656,True
NET,10630.1,True
NETE,29.14314,True
NEU,4110.264,True
NEV,371.756,True
NEWA,39.74794,True
NEWR,3433.908,True
NEWT,402.2752,True
NEX,529.3937,True
NEXA,998.5706,True
NEXT,160.4703,True
NFBK,521.6974,True
NFE,4848.622,True
NFG,4019.269,True
NFH,1134.972,True
NFIN,342.4436,True
NFJ,1153.735,True
NFLX,227586,True
NG,4606.905,True
NGD,1626.806,True
NGHC,3860,True
NGM,1215.498,True
NGS,115.4084,True
NGVC,242.3619,True
NGVT,2444.754,True
NH,289.773,True
NHA,0,True
NHC,948.7856,True
NHF,422.3205,True
NHI,2855.814,True
NHLD,29.8861,True
NHS,218.8546,True
NHTC,60.42523,True
NI,8533.753,True
NICK,98.658,True
NID,626.7131,True
NIE,679.7009,True
NIM,129.9296,True
NINE,39.55325,True
NIQ,187.944,True
NJR,2857.76,True
NJV,21.20236,True
NK,692.0907,True
NKE,175331.5,True
NKG,128.7497,True
NKLA,13472.77,True
NKSH,164.1862,True
NKTR,3384.783,True
NKX,728.0115,True
NL,172.713,True
NLOK,13823.56,True
NLS,409.9503,True
NLSN,5451.201,True
NLTX,522.2802,True
NLY,10268.77,True
NM,28.74582,True
NMCO,687.6967,True
NMFC,967.3052,True
NMI,106.0896,True
NMIH,1542.606,True
NML,147.3132,True
NMRD,90.88801,True
NMRK,774.3878,True
NMS,,False
NMT,132.5695,True
NMTR,84.59677,True
NMY,302.1436,True
NMZ,1062.88,True
NNA,74.01349,True
NNBR,194.9268,True
NNI,2508.334,True
NNN,6499.076,True
NNVC,45.7108,True
NNY,154.6173,True
NOA,266.6719,True
NOC,56521.07,True
NODK,360.7317,True
NOG,267.5377,True
NOM,34.06097,True
NOMD,4892.11,True
NOV,4717.647,True
NOVA,1891.581,True
NOVN,54.7674,True
NOVS,126.1205,True
NOVT,3603.787,True
NOW,86377.13,True
NP,749.7136,True
NPA,288.9375,True
NPK,621.7439,True
NPN,18.40923,True
NPO,1197.487,True
NPTN,325.149,True
NPV,273.0008,True
NQP,511.4041,True
NR,172.2357,True
NRBO,100.3708,True
NRC,1391.791,True
NREF,81.8324,True
NRG,8149.321,True
NRGX,321.443,True
NRIM,184.546,True
NRK,1125.335,True
NRO,182.5685,True
NRZ,3113.927,True
NS,1378.045,True
NSA,2349.856,True
NSC,53343.34,True
NSCO,198.097,True
NSEC,31.5469,True
NSIT,2045.716,True
NSL,190.7407,True
NSP,2492.96,True
NSPR,11.37496,True
NSSC,426.544,True
NSTG,1434.923,True
NSYS,13.57998,True
NTAP,10301.04,True
NTB,1301.56,True
NTCT,1630.241,True
NTEC,0,True
NTG,103.1561,True
NTGR,923.4206,True
NTIC,73.25492,True
NTIP,52.84802,True
NTLA,1064.38,True
NTN,4.7181,True
NTNX,5062.863,True
NTP,349.2353,True
NTR,27868.98,True
NTRA,5171.139,True
NTRP,26.63084,True
NTRS,17573.42,True
NTUS,614.7653,True
NTWK,33.94913,True
NUAN,8497.32,True
NUE,14158.88,True
NUM,283.9855,True
NUO,278.7841,True
NURO,5.60129,True
NUS,2437.808,True
NUV,2190.023,True
NUVA,2620.038,True
NUW,252.1363,True
NUZE,243.1145,True
NVAX,5694.578,True
NVCN,64.71727,True
NVCR,8087.289,True
NVDA,311523.3,True
NVEC,247.4572,True
NVEE,692.8207,True
NVFY,8.73581,True
NVG,3317.912,True
NVGS,511.5334,True
NVIV,6.1028,True
NVMI,1417.953,True
NVR,14557.52,True
NVRO,4698.474,True
NVST,3803.796,True
NVT,3225.263,True
NVTA,4240.687,True
NVUS,7.2886,True
NWBI,1315.119,True
NWE,2621.357,True
NWFL,203.8799,True
NWGI,26.16421,True
NWHM,72.56318,True
NWL,6924.576,True
NWLI,784.1804,True
NWN,1527.365,True
NWPX,267.4641,True
NWS,,False
NWSA,8794.938,True
NX,599.2877,True
NXC,99.97909,True
NXE,874.0964,True
NXGN,863.3682,True
NXJ,566.1729,True
NXN,52.6552,True
NXP,280.3304,True
NXPI,35274.39,True
NXQ,267.8315,True
NXR,214.0776,True
NXRT,982.6375,True
NXST,4330.929,True
NXTC,229.2389,True
NXTD,11.99091,True
NYCB,4286.525,True
NYMT,978.3582,True
NYMX,195.3759,True
NYT,7225.497,True
NYV,35.05621,True
NZF,2097.778,True
O,22210.18,True
OAC,497.8422,True
OAS,171.4008,True
OBAS,198.2352,True
OBCI,116.4785,True
OBLG,10.19241,True
OBLN,5.95336,True
OBNK,590.821,True
OBSV,145.2528,True
OC,7127.856,True
OCC,18.09588,True
OCCI,33.58398,True
OCFC,959.1126,True
OCGN,46.17227,True
OCN,158.53,True
OCSI,194.7753,True
OCSL,693.5264,True
OCUL,486.0358,True
OCX,83.39079,True
ODC,269.7063,True
ODFL,23027.47,True
ODP,1194.968,True
ODT,575.4165,True
OEC,783.3082,True
OEG,15.13733,True
OESX,202.7368,True
OFC,2711.468,True
OFED,149.8842,True
OFG,700.8215,True
OFIX,556.4395,True
OFLX,1372.828,True
OFS,60.29862,True
OGE,6313.357,True
OGEN,35.23034,True
OGI,289.8155,True
OGS,3872.195,True
OHI,7217.681,True
OI,1823.827,True
OIA,354.2785,True
OII,528.2048,True
OIS,261.2111,True
OKE,11886.84,True
OKTA,26058.29,True
OLED,8093.253,True
OLLI,6056.414,True
OLN,1908.552,True
OLP,392.2364,True
OMC,11620.1,True
OMCL,2987.431,True
OMER,614.1586,True
OMEX,96.52107,True
OMF,4184.143,True
OMI,1060.683,True
ON,9317.438,True
ONB,2364.132,True
ONCS,95.99083,True
ONCT,42.02274,True
ONCY,88.72941,True
ONDK,100.1662,True
ONEM,3573.65,True
ONEW,393.4401,True
ONTO,1509.372,True
ONTX,39.41425,True
ONVO,44.54081,True
OOMA,293.267,True
OPBK,94.29504,True
OPCH,2066.95,True
OPES,101.1191,True
OPGN,43.76585,True
OPHC,6.99471,True
OPI,1144.446,True
OPK,2036.286,True
OPNT,35.08679,True
OPOF,83.48768,True
OPP,0,True
OPRT,345.4659,True
OPRX,278.1125,True
OPTN,224.0867,True
OPTT,17.46298,True
OPY,324.2962,True
OR,0,True
ORA,3052.284,True
ORBC,300.8981,True
ORC,337.9879,True
ORCC,4647.014,True
ORCL,171017.6,True
ORGO,444.8604,True
ORGS,109.8095,True
ORI,4879.772,True
ORIC,742.5316,True
ORLY,34885.25,True
ORMP,75.75633,True
ORN,88.31521,True
ORRF,160.2908,True
ORSN,58.69984,True
OSB,3565.157,True
OSBC,255.0601,True
OSG,183.0344,True
OSIS,1403.944,True
OSK,5345.659,True
OSMT,331.6732,True
OSPN,812.1507,True
OSS,40.5714,True
OSTK,2863.177,True
OSUR,732.4006,True
OSW,507.692,True
OTEL,39.35063,True
OTEX,15469.75,True
OTIC,170.0017,True
OTIS,26630.06,True
OTLK,82.66902,True
OTTR,1560.904,True
OUT,2394.323,True
OVBC,107.4782,True
OVID,347.0599,True
OVLY,111.6474,True
OVV,,False
OXBR,6.30695,True
OXFD,317.4359,True
OXLC,353.616,True
OXM,752.4766,True
OXSQ,124.9658,True
OXY,11394.24,True
OYST,516.0889,True
OZK,3080.481,True
PAAS,9484.552,True
PACB,1124.151,True
PACD,17.18397,True
PACK,689.3572,True
PACW,2351.345,True
PAE,824.6843,True
PAG,3876.297,True
PAGP,1361.683,True
PAGS,12875.25,True
PAHC,772.6639,True
PAI,147.9991,True
PANL,102.299,True
PANW,22732.19,True
PAR,667.2429,True
PARR,470.5766,True
PASG,678.6601,True
PATI,29.41711,True
PATK,1280.066,True
PAVM,93.81712,True
PAYC,15847.79,True
PAYS,292.821,True
PAYX,27288.02,True
PB,5153.775,True
PBA,17604.08,True
PBCT,4683.167,True
PBF,997.2312,True
PBFS,222.6287,True
PBH,1848.958,True
PBHC,47.68145,True
PBI,879.2571,True
PBIP,79.67771,True
PBPB,97.02994,True
PBT,123.5133,True
PBTS,21.83719,True
PBYI,382.0874,True
PCAR,29637.27,True
PCB,148.4001,True
PCF,45.0298,True
PCG,17842.14,True
PCH,2920.269,True
PCI,2698.78,True
PCK,292.1956,True
PCM,116.1377,True
PCN,633.2264,True
PCOM,185.2765,True
PCPL,578.85,True
PCQ,328.3342,True
PCRX,2586.329,True
PCSB,226.942,True
PCTI,113.5194,True
PCTY,7393.973,True
PCVX,1978.393,True
PCYG,92.23821,True
PCYO,229.2331,True
PD,1997.757,True
PDCE,1536.829,True
PDCO,2520.621,True
PDEX,109.3415,True
PDFS,720.5649,True
PDI,1451.684,True
PDLB,149.5954,True
PDLI,382.9803,True
PDM,1954.706,True
PDS,230.3532,True
PDSB,49.10602,True
PDT,633.4937,True
PE,4334.268,True
PEAK,15261.35,True
PEB,1739.113,True
PEBK,100.4132,True
PEBO,432.463,True
PECK,16.90113,True
PED,76.45285,True
PEG,26562.28,True
PEGA,9992.399,True
PEI,80.28028,True
PEIX,240.4814,True
PEN,7452.576,True
PENN,7452.634,True
PEO,338.878,True
PEP,192131.7,True
PERI,159.9851,True
PESI,84.40581,True
PETQ,935.2997,True
PETS,616.9805,True
PETZ,52.26899,True
PFBC,561.3558,True
PFBI,193.687,True
PFC,689.2414,True
PFD,182.6255,True
PFE,202048.2,True
PFG,11919.6,True
PFGC,4921.998,True
PFHD,184.3806,True
PFIE,35.93484,True
PFIN,14.50307,True
PFIS,254.9473,True
PFL,307.4714,True
PFLT,331.5012,True
PFMT,36.65669,True
PFN,634.2245,True
PFNX,435.2238,True
PFO,154.3762,True
PFPT,6197.062,True
PFS,1074.441,True
PFSI,3659.361,True
PFSW,148.6371,True
PG,343468.2,True
PGC,322.5216,True
PGEN,875.3411,True
PGNY,2315.53,True
PGP,92.45074,True
PGR,54406.79,True
PGRE,1672.085,True
PGTI,1051.306,True
PGZ,0,True
PH,26650.82,True
PHAS,96.24469,True
PHAT,1006.517,True
PHCF,34.52267,True
PHD,255.7927,True
PHGE,125.4511,True
PHIO,11.79229,True
PHK,723.9774,True
PHM,11587.96,True
PHR,1167.992,True
PHT,235.0234,True
PHUN,42.00061,True
PHX,40.47193,True
PI,575.9535,True
PIC,294.4,True
PICO,165.6651,True
PIH,25.85013,True
PII,6054.11,True
PIM,211.931,True
PINC,3962.004,True
PINE,104.6721,True
PING,2509.406,True
PINS,20646.94,True
PIPR,1355.279,True
PIRS,141.4762,True
PIXY,69.75216,True
PJT,2180.839,True
PK,2495.053,True
PKBK,149.7728,True
PKE,228.0682,True
PKG,10104.67,True
PKI,12780.4,True
PKO,435.0428,True
PKOH,195.5779,True
PLAB,611.6008,True
PLAG,21.50414,True
PLAN,8021.359,True
PLAY,894.484,True
PLBC,105.901,True
PLCE,341.7924,True
PLD,74438.27,True
PLG,188.6207,True
PLIN,19.75296,True
PLM,558.3619,True
PLMR,2722.309,True
PLNT,5398.113,True
PLOW,922.7556,True
PLPC,265.3407,True
PLRX,825.4913,True
PLSE,233.7155,True
PLT,474.256,True
PLUG,4445.069,True
PLUS,1029.654,True
PLX,0,True
PLXP,32.99733,True
PLXS,2149.549,True
PLYA,594.4632,True
PLYM,320.9161,True
PM,123259.3,True
PMAR,,False
PMBC,81.9833,True
PMD,25.09028,True
PME,68.7779,True
PMF,345.4893,True
PML,837.4258,True
PMM,379.8563,True
PMO,454.0551,True
PMT,1691.65,True
PMX,377.2744,True
PNBK,26.23133,True
PNC,48011.27,True
PNF,90.90269,True
PNFP,3103.546,True
PNI,122.626,True
PNM,3425.902,True
PNNT,236.6692,True
PNR,7444.327,True
PNRG,135.5841,True
PNTG,984.6391,True
PNW,8149.125,True
POAI,13.28111,True
PODD,13447.2,True
POLA,18.37172,True
POOL,11822.38,True
POR,3438.023,True
POST,6020.27,True
POWI,3257.7,True
POWL,313.8268,True
PPBI,2158.771,True
PPC,3965.513,True
PPD,11249.03,True
PPG,28933.18,True
PPIH,43.86163,True
PPL,21748.89,True
PPR,654.9705,True
PPSI,12.1292,True
PPT,475.8999,True
PQG,1604.009,True
PRA,816.9608,True
PRAA,2041.505,True
PRAH,6318.07,True
PRCP,39.66133,True
PRDO,938.1042,True
PRFT,1372.841,True
PRGO,6941.348,True
PRGS,1593.594,True
PRGX,120.6608,True
PRI,4972.743,True
PRIM,945.2488,True
PRK,1504.235,True
PRLB,4039.367,True
PRMW,,False
PRNB,3325.948,True
PRO,1570.322,True
PROF,379.8995,True
PROG,414.2775,True
PROS,407.9803,True
PROV,91.39231,True
PRPH,31.56821,True
PRPL,1317.528,True
PRPO,35.48214,True
PRQR,250.4791,True
PRSC,1231.507,True
PRSP,3245.706,True
PRTA,530.4227,True
PRTH,172.4273,True
PRTK,197.4349,True
PRTS,497.1642,True
PRTY,245.9662,True
PRU,27535.45,True
PRVB,629.2114,True
PRVL,403.7352,True
PS,2512.262,True
PSA,37082.66,True
PSB,3446.03,True
PSEC,1896.298,True
PSF,321.3354,True
PSHG,29.80703,True
PSMT,2066.048,True
PSN,3485.074,True
PSNL,806.7034,True
PSTG,3901.126,True
PSTI,246.0797,True
PSTL,182.352,True
PSTV,11.2403,True
PSV,20.04822,True
PSX,25756.37,True
PTAC,228.5625,True
PTC,10182.38,True
PTCT,3249.754,True
PTE,40.29033,True
PTEN,685.9063,True
PTGX,755.2888,True
PTI,68.87214,True
PTMN,55.61903,True
PTN,114.0561,True
PTON,22837.02,True
PTSI,214.8637,True
PTVCA,,False
PTVCB,210.6012,True
PTY,1587.755,True
PULM,33.71933,True
PUMP,599.3367,True
PVAC,154.9436,True
PVBC,161.6202,True
PVG,3026.103,True
PVH,4505.299,True
PW,38.22052,True
PWFL,166.4543,True
PWOD,150.9398,True
PWR,7174.331,True
PXD,16279.77,True
PXLW,87.28808,True
PXS,16.7655,True
PYN,51.86017,True
PYPD,197.0442,True
PYPL,225216.6,True
PZC,237.873,True
PZG,35.59457,True
PZN,372.5859,True
PZZA,2966.406,True
QADA,815.1687,True
QADB,,False
QCOM,130845,True
QCRH,481.9577,True
QDEL,6477.521,True
QEP,295.6363,True
QGEN,10992.09,True
QLGN,85.79765,True
QLYS,3935.247,True
QMCO,212.7094,True
QNST,756.1875,True
QQQX,1003.362,True
QRHC,35.72966,True
QRTEA,4454.594,True
QRTEB,,False
QRVO,13581.57,True
QSR,34281.62,True
QTNT,353.2149,True
QTRX,974.3317,True
QTS,4008.373,True
QTWO,4960.399,True
QUAD,183.6296,True
QUIK,33.27702,True
QUMU,70.58297,True
QUOT,718.1711,True
QURE,1693.855,True
R,2194.194,True
RA,0,True
RACE,31163.51,True
RAD,683.5862,True
RADA,283.5226,True
RAIL,26.90471,True
RAMP,3378.858,True
RAND,29.10938,True
RAPT,734.8014,True
RARE,4593.293,True
RAVE,6.95527,True
RAVN,900.6112,True
RBA,8119.432,True
RBB,255.8211,True
RBBN,570.4331,True
RBC,4025.015,True
RBCAA,655.8855,True
RBCN,20.04385,True
RBKB,71.36439,True
RBNC,247.1475,True
RC,579.4567,True
RCG,7.67802,True
RCI,28385.58,True
RCII,1585.168,True
RCKT,1262.14,True
RCKY,176.4409,True
RCL,15445.36,True
RCM,1640.066,True
RCMT,17.53939,True
RCON,5.76227,True
RCS,280.1153,True
RCUS,1365.629,True
RDCM,125.1443,True
RDFN,4491.37,True
RDI,116.3507,True
RDIB,,False
RDN,3059.112,True
RDNT,795.7985,True
RDUS,550.6971,True
RDVT,234.0125,True
RDWR,1146.432,True
RE,8615.921,True
REAL,1337.051,True
REED,59.85564,True
REFR,73.88734,True
REG,7046.29,True
REGI,1546.146,True
REGN,61745.89,True
REI,48.26621,True
REKR,179.8531,True
RELL,57.05707,True
RELV,5.92029,True
REPH,48.69942,True
REPL,927.4373,True
RES,722.8141,True
RESI,581.0093,True
RESN,123.121,True
RETA,3271.719,True
RETO,16.9068,True
REV,413.8122,True
REVG,519.2962,True
REX,428.6865,True
REXN,8.18999,True
REXR,5856.467,True
REYN,6634.924,True
REZI,1629.304,True
RF,11329.96,True
RFI,335.0611,True
RFIL,42.74031,True
RFL,286.4666,True
RFM,0,True
RFP,418.8721,True
RGA,6556.49,True
RGCO,195.2736,True
RGEN,7633.876,True
RGLD,8563.566,True
RGLS,16.52095,True
RGNX,1060.659,True
RGP,388.9469,True
RGR,1161.378,True
RGS,248.3138,True
RGT,131.3984,True
RH,6110.028,True
RHE,2.11027,True
RHI,6098.589,True
RHP,2213.453,True
RIBT,17.55857,True
RICK,192.7259,True
RIG,823.5808,True
RIGL,390.2258,True
RILY,671.953,True
RIOT,147.4186,True
RIV,143.9381,True
RIVE,67.44002,True
RJF,10509.18,True
RKDA,32.74071,True
RL,5408.958,True
RLGT,257.8452,True
RLGY,1266.337,True
RLH,58.16925,True
RLI,4223.747,True
RLJ,1659.18,True
RLMD,588.0788,True
RM,213.0235,True
RMAX,626.0017,True
RMBI,154.3388,True
RMBL,68.77772,True
RMBS,1559.425,True
RMCF,19.32035,True
RMD,25148.96,True
RMED,20.28389,True
RMG,297.85,True
RMI,133.7112,True
RMM,0,True
RMNI,317.796,True
RMR,946.3401,True
RMT,341.3435,True
RMTI,82.24844,True
RNA,1077.014,True
RNDB,62.78086,True
RNET,100.0986,True
RNG,23702.91,True
RNGR,42.96677,True
RNP,941.1758,True
RNR,9207.753,True
RNST,1514.682,True
RNWK,47.45481,True
ROAD,964.6939,True
ROCK,2032.612,True
ROG,2125.942,True
ROIC,1423.993,True
ROK,26469.46,True
ROKU,19942.05,True
ROL,17892.35,True
ROLL,3283.375,True
ROP,44243.46,True
ROST,33214.61,True
RP,6026.253,True
RPAI,1480.486,True
RPAY,1927.383,True
RPD,3124.125,True
RPLA,,False
RPM,10980.04,True
RPRX,24291.89,True
RPT,520.4857,True
RPTX,996.0186,True
RQI,1511.579,True
RRBI,323.9045,True
RRC,1828.412,True
RRD,81.396,True
RRGB,196.5931,True
RRR,2058.849,True
RS,6882.692,True
RSF,,False
RSG,29779.13,True
RSSS,64.82608,True
RST,718.5634,True
RTRX,913.2523,True
RTX,93446.67,True
RUBY,388.4905,True
RUN,6246.368,True
RUSHA,1750.328,True
RUSHB,,False
RUTH,386.2532,True
RVI,250.6419,True
RVLV,1444.208,True
RVMD,1772.103,True
RVNC,1787.975,True
RVP,187.9817,True
RVSB,94.76571,True
RVT,1341.297,True
RWLK,20.50009,True
RWT,829.8997,True
RXN,3555.796,True
RY,137863.1,True
RYAM,207.1585,True
RYI,216.1256,True
RYN,3927.453,True
RYTM,1318.264,True
SA,1637.306,True
SABR,2408.928,True
SACH,77.55874,True
SAFE,2986.352,True
SAFM,2745.969,True
SAFT,1088.518,True
SAGE,2684.991,True
SAH,1816.561,True
SAIA,3434.126,True
SAIC,4777.05,True
SAIL,3476.716,True
SAL,103.2115,True
SALM,24.55403,True
SALT,155.9009,True
SAM,9894.647,True
SAMA,165.3943,True
SAMG,179.3668,True
SAND,2215.742,True
SANM,1869.603,True
SANW,77.19143,True
SAQN,186.6881,True
SAR,191.147,True
SASR,1166.358,True
SATS,2786.938,True
SAVA,75.25639,True
SAVE,1585.447,True
SB,108.2497,True
SBAC,33614.03,True
SBBP,191.8765,True
SBCF,1124.803,True
SBE,,False
SBFG,109.9608,True
SBGI,1555.047,True
SBH,1355.357,True
SBI,127.8674,True
SBLK,641.7776,True
SBNY,5422.157,True
SBOW,53.10817,True
SBPH,22.94056,True
SBRA,3153.301,True
SBSI,924.6026,True
SBT,158.8234,True
SBUX,100849.6,True
SC,5701.148,True
SCCO,36318.98,True
SCD,195.1191,True
SCHL,781.3871,True
SCHN,570.7148,True
SCHW,46648.84,True
SCI,7965.1,True
SCKT,7.56332,True
SCL,2552.481,True
SCM,163.6824,True
SCON,8.14736,True
SCOR,168.7905,True
SCPE,231.0906,True
SCPH,225.3897,True
SCPL,1646.136,True
SCS,1162.655,True
SCSC,519.3994,True
SCU,684.9286,True
SCVL,519.4207,True
SCVX,287.3735,True
SCWX,983.2158,True
SCX,23.97182,True
SCYX,52.37007,True
SD,64.46678,True
SDC,3692,True
SDGR,3641.066,True
SDPI,9.01223,True
SEAC,48.78682,True
SEAS,1649.118,True
SEB,3361.221,True
SEDG,9753.57,True
SEE,6192.81,True
SEED,39.79309,True
SEEL,26.59862,True
SEIC,7588.783,True
SELB,233.5726,True
SELF,37.54644,True
SEM,2713.036,True
SENEA,402.0154,True
SENEB,,False
SENS,98.01829,True
SERV,5498.785,True
SESN,117.1013,True
SF,3599.301,True
SFBC,75.69939,True
SFBS,2080.937,True
SFE,125.3195,True
SFIX,2692.923,True
SFL,1088.078,True
SFM,2670.262,True
SFNC,1897.975,True
SFST,204.6587,True
SFTW,395.7078,True
SG,1323.636,True
SGA,139.3329,True
SGBX,15.30122,True
SGC,348.4753,True
SGEN,25962.04,True
SGH,626.451,True
SGLB,12.74889,True
SGMA,12.38935,True
SGMO,1414.11,True
SGMS,1830.65,True
SGOC,86.48878,True
SGRP,17.26663,True
SGRY,1013.557,True
SHAK,2560.351,True
SHBI,129.5262,True
SHEN,2682.047,True
SHIP,28.43587,True
SHLL,1466.501,True
SHO,1847.997,True
SHOO,1786.092,True
SHOP,116875.7,True
SHSP,114.8363,True
SHW,61879.17,True
SHYF,698.1431,True
SI,269.5044,True
SIBN,600.0846,True
SIC,153.7303,True
SIEB,107.5945,True
SIEN,168.0422,True
SIF,23.75323,True
SIG,1009.173,True
SIGA,514.8162,True
SIGI,3554.633,True
SII,,False
SILC,233.0678,True
SILK,1947.693,True
SILV,1644.895,True
SINA,2604.251,True
SINO,6.32027,True
SINT,37.06191,True
SIRI,24826.46,True
SITC,1603.486,True
SITE,5245.759,True
SITM,1159.254,True
SIVB,13443.87,True
SIX,1878.325,True
SJ,143.9327,True
SJI,2221.987,True
SJM,13410.52,True
SJR,12455.15,True
SJW,1780.739,True
SKT,548.6822,True
SKX,4691.979,True
SKY,1492.588,True
SKYW,1778.427,True
SLAB,4329.192,True
SLB,26804.24,True
SLCA,326.5961,True
SLCT,136.2913,True
SLDB,99.57988,True
SLF,31799.18,True
SLG,3603.198,True
SLGG,26.61098,True
SLGL,172.9371,True
SLGN,4265.778,True
SLM,2874.306,True
SLNO,162.371,True
SLP,1175.813,True
SLQT,3147.346,True
SLRC,690.5419,True
SLRX,16.04656,True
SLS,17.78852,True
SM,272.4122,True
SMAR,5854.4,True
SMBC,222.7083,True
SMBK,211.5154,True
SMCI,1339.24,True
SMED,116.7684,True
SMG,8959.818,True
SMHI,57.74229,True
SMIT,17.96203,True
SMM,0,True
SMMC,329.0625,True
SMMF,205.9441,True
SMP,1042.77,True
SMPL,2258.591,True
SMSI,153.016,True
SMTC,3750.083,True
SMTS,324.0086,True
SMTX,94.51958,True
SNA,8236.371,True
SNAP,32969.3,True
SNBR,1255.111,True
SNCA,9.56798,True
SNCR,190.7155,True
SND,53.37207,True
SNDE,26.64905,True
SNDL,57.88745,True
SNDR,4818.309,True
SNDX,577.467,True
SNES,5.06426,True
SNFCA,104.8117,True
SNGX,53.72512,True
SNOA,13.29341,True
SNPS,31715.16,True
SNR,371.1166,True
SNSS,24.24475,True
SNV,3351.369,True
SNX,6445.594,True
SO,55225.08,True
SOAC,379.8712,True
SOHO,28.2759,True
SOI,342.6603,True
SOLO,170.1232,True
SOLY,127.5635,True
SON,5483.568,True
SONA,220.2944,True
SONM,57.37905,True
SONN,33.56434,True
SONO,1451.34,True
SOR,300.9993,True
SP,443.959,True
SPAQ,,False
SPB,2574.767,True
SPCB,14.16877,True
SPCE,3725.341,True
SPE,105.8371,True
SPFI,260.0521,True
SPG,21486.08,True
SPGI,83188.38,True
SPI,15.13422,True
SPKE,299.3873,True
SPLK,32101.25,True
SPNE,340.1688,True
SPNS,1591.261,True
SPOK,196.981,True
SPOT,46416.17,True
SPPI,580.0195,True
SPR,2250.848,True
SPRO,189.5268,True
SPRT,36.05872,True
SPSC,2677.121,True
SPT,1756.622,True
SPTN,658.2568,True
SPWH,585.9919,True
SPWR,1886.252,True
SPXC,1887.717,True
SPXX,238.4497,True
SQ,64928.61,True
SQBG,9.20697,True
SR,2958.18,True
SRAC,219.5275,True
SRAX,40.70494,True
SRC,3757.982,True
SRCE,887.1086,True
SRCL,5805.504,True
SRDX,580.408,True
SRE,34968.6,True
SREV,137.6883,True
SRG,603.6301,True
SRI,542.7635,True
SRL,98.4148,True
SRNE,1675.985,True
SRPT,10421.59,True
SRRA,117.3678,True
SRRK,431.6892,True
SRT,199.8019,True
SRTS,41.25588,True
SRV,37.991,True
SSB,4121.995,True
SSBI,59.69411,True
SSD,4164.446,True
SSKN,46.5784,True
SSNC,15775.47,True
SSNT,12.15343,True
SSP,895.0519,True
SSPK,315.625,True
SSRM,2514.281,True
SSSS,207.2543,True
SSTI,,False
SSTK,1725.659,True
SSY,7.03731,True
SSYS,764.3798,True
ST,6686.259,True
STAA,2288.946,True
STAF,5.59354,True
STAG,4818.764,True
STAR,1050.971,True
STBA,809.3688,True
STC,1150.657,True
STCN,39.35162,True
STE,13431.59,True
STFC,697.8973,True
STIM,79.0324,True
STK,346.6004,True
STKL,786.4106,True
STKS,54.73468,True
STL,2368.745,True
STLD,6449.785,True
STMP,3882.996,True
STN,4642.919,True
STND,88.03966,True
STNE,15436.2,True
STNG,682.1699,True
STOK,956.6788,True
STON,92.15065,True
STOR,7073.621,True
STRA,2316.067,True
STRL,396.3249,True
STRM,43.74442,True
STRO,449.9228,True
STRS,168.7184,True
STRT,77.50015,True
STSA,402.4998,True
STT,24085.39,True
STWD,4446.071,True
STX,12059.8,True
STXB,226.5213,True
STXS,253.4728,True
STZ,36554.07,True
STZ.B,,False
SU,30869.05,True
SUI,14317.3,True
SUM,1720.848,True
SUMR,38.92064,True
SUNS,213.7731,True
SUNW,9.89259,True
SUP,39.67005,True
SUPN,1127.538,True
SURF,241.8308,True
SVA,639.904,True
SVBI,77.64663,True
SVC,1452.574,True
SVM,1841.69,True
SVMK,3175.893,True
SVRA,67.66066,True
SVT,21.03057,True
SVVC,30.26052,True
SWAV,2092.536,True
SWBI,1015.488,True
SWCH,3818.346,True
SWI,6163.352,True
SWIR,426.9147,True
SWK,25569.84,True
SWKH,172.8102,True
SWKS,23219.69,True
SWM,952.5625,True
SWN,1574.277,True
SWTX,1786.475,True
SWX,3562.314,True
SWZ,0,True
SXC,301.2758,True
SXI,728.1208,True
SXT,2419.44,True
SXTC,14.49299,True
SYBT,997.5477,True
SYBX,71.06483,True
SYF,15276.87,True
SYK,74182.3,True
SYKE,1266.942,True
SYN,10.28394,True
SYNA,2854.064,True
SYNC,42.2176,True
SYNH,6149.661,True
SYNL,53.89534,True
SYPR,22.87615,True
SYRS,453.7319,True
SYX,821.2957,True
SYY,30583.33,True
SZC,0,True
T,209617.5,True
TA,300.7658,True
TAC,2250.354,True
TACO,326.5902,True
TACT,37.13805,True
TAIT,13.69472,True
TALO,470.7011,True
TANH,60.95544,True
TAOP,20.0634,True
TAP,8335.41,True
TAP.A,,False
TARA,115.5274,True
TARO,2297.78,True
TAST,355.8857,True
TAT,15.75368,True
TATT,34.9663,True
TAYD,33.33806,True
TBBK,567.2701,True
TBI,593.5688,True
TBIO,941.4132,True
TBK,741.5712,True
TBLT,27.45878,True
TBNK,205.4995,True
TBPH,1089.924,True
TCBI,1656.091,True
TCBK,840.6976,True
TCCO,6.66145,True
TCDA,551.5397,True
TCF,4227.537,True
TCFC,132.9887,True
TCI,215.6776,True
TCMD,694.4031,True
TCO,2361.23,True
TCON,36.33077,True
TCPC,572.4736,True
TCRR,591.5229,True
TCS,204.4716,True
TCX,665.4424,True
TD,113831.5,True
TDAC,135.9298,True
TDC,2457.95,True
TDF,731.8597,True
TDG,27283.1,True
TDOC,16190.01,True
TDS,2410.426,True
TDW,293.6458,True
TDY,11725.15,True
TEAF,147.0533,True
TEAM,43527.42,True
TECH,9491.872,True
TECK,6265.422,True
TEI,360.9481,True
TEL,32591.3,True
TELA,190.1232,True
TELL,284.5652,True
TEN,715.1082,True
TENB,3768.023,True
TENX,18.55047,True
TER,13050.14,True
TESS,55.15184,True
TEUM,79.74464,True
TEX,1406.79,True
TFC,0,True
TFFP,275.5258,True
TFII,5321.371,True
TFSL,4437.567,True
TFX,18112.88,True
TG,586.5466,True
TGA,46.91885,True
TGB,334.8241,True
TGC,9.39844,True
TGH,658.2465,True
TGI,377.0073,True
TGLS,245.3458,True
TGNA,2684.389,True
TGT,73705.97,True
TGTX,3015.518,True
TH,142.55,True
THBR,442.0356,True
THC,3161.677,True
THCA,218.7778,True
THCB,,False
THFF,476.7169,True
THG,3778.339,True
THM,347.1593,True
THMO,24.75866,True
THO,5080.494,True
THQ,746.6085,True
THR,429.5315,True
THRM,1476.326,True
THS,2419.399,True
THTX,248.2878,True
THW,430.4648,True
THY,,False
TIF,14781.48,True
TIGO,,False
TILE,410.4197,True
TIPT,181.633,True
TISI,194.1792,True
TITN,304.3615,True
TJX,66164.2,True
TK,246.702,True
TKAT,9.35524,True
TKR,4144.673,True
TLGT,5.76898,True
TLI,90.86768,True
TLRY,752.8912,True
TLYS,217.9874,True
TMBR,12.63401,True
TMDI,85.17664,True
TMDX,444.5284,True
TMHC,2964.823,True
TMO,162183.8,True
TMP,989.9225,True
TMQ,363.6912,True
TMST,166.184,True
TMUS,141469.2,True
TNAV,204.3269,True
TNC,1245.293,True
TNDM,6523.657,True
TNET,4254.425,True
TNK,391.0662,True
TNP,159.0574,True
TNXP,107.6061,True
TOL,5183.453,True
TOPS,43.81517,True
TOTA,40.62873,True
TOWN,1317.547,True
TPB,545.7106,True
TPC,630.5794,True
TPCO,417.8148,True
TPH,2167.319,True
TPHS,47.2392,True
TPIC,1000.661,True
TPL,3960.991,True
TPR,4022.072,True
TPRE,806.8217,True
TPTX,3050.287,True
TPVG,340.7828,True
TPX,4264.015,True
TPZ,63.65058,True
TR,2209.169,True
TRC,370.3578,True
TRCH,25.94543,True
TREC,147.5484,True
TREE,4003.402,True
TREX,7925.834,True
TRGP,3810.475,True
TRHC,1149.857,True
TRI,49435.09,True
TRIL,1064.329,True
TRIP,3038.358,True
TRMB,12500.78,True
TRMD,3127.121,True
TRMK,1532.92,True
TRMT,23.77105,True
TRN,2484.772,True
TRNE,288.65,True
TRNO,3948.37,True
TRNS,215.5115,True
TROW,30023.39,True
TROX,1330.427,True
TRP,55924.98,True
TRQ,2998.349,True
TRS,1151.242,True
TRST,572.81,True
TRT,13.33319,True
TRTN,2502.834,True
TRTX,688.5042,True
TRU,15979.81,True
TRUE,494.6753,True
TRUP,2384.861,True
TRV,29514.5,True
TRVI,65.84688,True
TRVN,251.7245,True
TRWH,679.7889,True
TRX,193.5136,True
TRXC,35.53605,True
TSBK,146.4362,True
TSC,434.4273,True
TSCO,16513.06,True
TSE,1035.552,True
TSEM,6979.066,True
TSI,275.4957,True
TSLA,389794.2,True
TSLX,1143.592,True
TSN,22737.2,True
TSQ,88.43839,True
TSRI,10.45779,True
TT,28188.74,True
TTC,8617.062,True
TTD,20627.78,True
TTEC,2593.714,True
TTEK,5009.997,True
TTGT,1078.754,True
TTI,74.47095,True
TTMI,1198.524,True
TTNP,18.41407,True
TTOO,186.4161,True
TTP,0,True
TTWO,18489.73,True
TU,30421.16,True
TUFN,349.644,True
TUP,1030.488,True
TURN,58.50854,True
TUSK,63.15184,True
TVTY,770.1675,True
TW,12085.23,True
TWI,164.4942,True
TWIN,87.41107,True
TWLO,34756.79,True
TWN,0,True
TWNK,1654.797,True
TWO,1447.909,True
TWOU,2618.873,True
TWST,2825.826,True
TWTR,31535.13,True
TXG,10671.16,True
TXMD,383.9351,True
TXN,128662.6,True
TXRH,4459.205,True
TXT,8879.701,True
TY,1407.685,True
TYG,213.4812,True
TYHT,7.53158,True
TYL,13271.82,True
TYME,131.957,True
TZAC,54.93972,True
TZOO,89.46551,True
UA,,False
UAA,4483.331,True
UAL,11118.49,True
UAMY,37.21538,True
UAVS,158.5326,True
UBA,378.7501,True
UBCP,69.8069,True
UBER,58257.17,True
UBFO,105.4286,True
UBOH,68.2946,True
UBP,,False
UBS,43721.69,True
UBSI,3508.587,True
UBX,157.6812,True
UCBI,1623.088,True
UCTT,919.908,True
UDR,10418.81,True
UE,1351.401,True
UEC,197.0811,True
UEIC,550.8536,True
UEPS,184.4941,True
UFAB,30.56375,True
UFCS,597.9962,True
UFI,221.1742,True
UFPI,3527.627,True
UFPT,307.436,True
UFS,1580.165,True
UG,68.04186,True
UGI,7118.325,True
UHAL,7118.607,True
UHS,9648.449,True
UHT,943.3599,True
UI,10498.41,True
UIHC,322.5822,True
UIS,720.9172,True
ULBI,101.7209,True
ULH,593.5602,True
ULTA,13546.27,True
UMBF,2679.734,True
UMH,599.454,True
UMPQ,2653.673,True
UMRX,84.17888,True
UNAM,26.52871,True
UNB,86.58935,True
UNF,3657.776,True
UNFI,977.2559,True
UNH,296504.8,True
UNIT,1830.83,True
UNM,4050.784,True
UNP,129753.3,True
UNTY,140.2126,True
UNVR,2912.933,True
UONE,,False
UONEK,53.18839,True
UPLD,1048.82,True
UPS,138813.5,True
UPWK,1677.853,True
URBN,2386.8,True
URG,123.4362,True
URGN,455.8926,True
URI,12717.12,True
UROV,275.9589,True
USA,1283.502,True
USAK,103.9218,True
USAP,60.92515,True
USAS,396.625,True
USAU,31.33017,True
USB,57708.75,True
USCR,468.978,True
USEG,6.78881,True
USFD,5363.833,True
USIO,43.78291,True
USLM,516.0756,True
USM,3056.768,True
USNA,1583.227,True
USPH,1203.65,True
USWS,20.92698,True
USX,441.9654,True
UTF,2156.636,True
UTG,1616.217,True
UTHR,4679.671,True
UTI,214.5784,True
UTL,624.4888,True
UTMD,304.9313,True
UTSI,50.29598,True
UUU,3.74688,True
UUUU,290.8269,True
UVE,593.4182,True
UVSP,482.8257,True
UVV,1053.76,True
V,435488.9,True
VAC,3920.231,True
VALU,252.8139,True
VAPO,647.4385,True
VAR,15810.12,True
VBF,227.391,True
VBFC,43.98222,True
VBIV,1535.157,True
VBLT,56.03918,True
VBTX,909.0433,True
VC,0,True
VCEL,719.0289,True
VCF,66.51013,True
VCIF,0,True
VCNX,99.28555,True
VCRA,895.5879,True
VCTR,1210.754,True
VCV,592.0942,True
VCYT,1791.035,True
VEC,485.255,True
VECO,575.0851,True
VEEV,40478.05,True
VEL,98.6296,True
VER,7491.7,True
VERB,54.8121,True
VERI,211.4372,True
VERO,107.6879,True
VERU,187.9333,True
VERY,121.2312,True
VET,734.544,True
VFC,26581.83,True
VFF,387.3179,True
VFL,60.27027,True
VG,2577.065,True
VGI,0,True
VGM,678.3585,True
VGR,1574.323,True
VGZ,123.5365,True
VHC,390.8221,True
VHI,381.1213,True
VIAC,17838.1,True
VIACA,,False
VIAV,2769.5,True
VICI,12210.34,True
VICR,3579.038,True
VIE,1737.518,True
VIR,3629.946,True
VIRC,34.56981,True
VIRT,5277.684,True
VISL,20.9351,True
VIVE,8.46178,True
VIVO,587.2176,True
VKI,482.9801,True
VKQ,676.5664,True
VKTX,445.281,True
VLGEA,363.2981,True
VLO,20885.33,True
VLT,81.83376,True
VLY,3169.811,True
VMC,16556.02,True
VMD,498.5162,True
VMI,2698.395,True
VMM,146.792,True
VMO,833.9177,True
VMW,57606.84,True
VNCE,62.49056,True
VNDA,560.7233,True
VNE,1548.933,True
VNO,7030.539,True
VNRX,154.3036,True
VNTR,241.2231,True
VOLT,24.83404,True
VOXX,142.5509,True
VOYA,6407.833,True
VPG,336.3966,True
VPV,298.8225,True
VRA,253.5065,True
VRAY,411.2863,True
VRCA,216.8417,True
VREX,423.844,True
VRM,6926.295,True
VRME,20.12775,True
VRNS,3587.113,True
VRNT,3113.363,True
VRRM,1654.566,True
VRS,454.8777,True
VRSK,29679.27,True
VRSN,23377.32,True
VRT,5565.153,True
VRTS,1062.805,True
VRTU,1194.755,True
VRTV,266.0572,True
VRTX,69414.55,True
VSAT,2510.383,True
VSEC,322.3524,True
VSH,2328.996,True
VSLR,3380.784,True
VST,8910.461,True
VSTM,194.9621,True
VSTO,1074.151,True
VTA,579.4173,True
VTGN,47.39942,True
VTN,241.9137,True
VTNR,25.05516,True
VTOL,586.5227,True
VTR,16624.78,True
VTSI,26.4617,True
VTVT,124.3431,True
VUZI,171.228,True
VVI,437.6713,True
VVNT,2979.772,True
VVPR,157.4011,True
VVR,561.6228,True
VVV,3800.625,True
VXRT,538.365,True
VYGR,403.1322,True
VZ,259545.9,True
W,24891.34,True
WAB,13138.28,True
WABC,1640.215,True
WAFD,1801.047,True
WAFU,16.86698,True
WAL,3762.197,True
WASH,586.3296,True
WAT,12761.08,True
WATT,129.8874,True
WBA,31966.44,True
WBS,2648.94,True
WBT,1011.809,True
WCC,2277.436,True
WCN,33907.77,True
WD,1720.967,True
WDAY,51144.6,True
WDC,11544.38,True
WDFC,2648.099,True
WDR,1028.283,True
WEA,159.5619,True
WEC,30436.28,True
WELL,25505.42,True
WEN,4829.992,True
WERN,3157.043,True
WETF,545.5477,True
WEX,7031.365,True
WEYS,173.8929,True
WFC,102136,True
WGO,1702.141,True
WH,4944.057,True
WHD,1670.765,True
WHF,211.6241,True
WHG,94.83902,True
WHLM,12.73864,True
WHLR,23.3757,True
WHR,10465.36,True
WIA,371.1154,True
WIFI,588.313,True
WILC,,False
WINA,568.4913,True
WING,4228.803,True
WINS,432.4586,True
WINT,111.4508,True
WIRE,1043.551,True
WISA,14.15786,True
WIW,704.2294,True
WIX,14247.22,True
WK,2633.636,True
WKHS,2072.209,True
WLDN,343.2751,True
WLFC,126.0151,True
WLK,8020.103,True
WLL,866.8066,True
WLTW,26857.96,True
WM,46981.91,True
WMB,25108.53,True
WMC,130.7473,True
WMG,14835.9,True
WMGI,3936.303,True
WMK,1277.407,True
WMS,3857.741,True
WMT,404744.9,True
WNC,634.9559,True
WNEB,142.8389,True
WOR,2294.914,True
WORK,16386.71,True
WORX,14.42568,True
WOW,496.1974,True
WPC,12182.25,True
WPG,125.2985,True
WPM,30340.63,True
WPRT,292.7855,True
WPX,2928.363,True
WRB,11203.56,True
WRE,1807.511,True
WRI,2398.091,True
WRK,8448.567,True
WRLD,720.5288,True
WRN,187.7396,True
WRTC,295.6737,True
WSBC,1565.349,True
WSBF,407.7738,True
WSC,4096.705,True
WSFS,1542.097,True
WSM,6575.299,True
WSO,9171.048,True
WSO.B,,False
WSR,279.8976,True
WST,19468.84,True
WSTG,104.8184,True
WSTL,17.40319,True
WTBA,287.5535,True
WTER,92.11378,True
WTFC,2608.163,True
WTI,297.5048,True
WTM,2745.648,True
WTRE,338.6753,True
WTRG,10195.98,True
WTRH,397.3734,True
WTS,3251.753,True
WTT,26.41004,True
WTTR,460.8755,True
WU,9465.421,True
WVE,443.3148,True
WVFC,25.65316,True
WVVI,31.02831,True
WW,1538.403,True
WWD,5271.422,True
WWE,3351.065,True
WWR,13.76796,True
WWW,2105.88,True
WY,21671.59,True
WYND,2680.294,True
WYNN,9460.424,True
WYY,48.96274,True
X,1736.758,True
XAIR,89.50846,True
XAN,70.56321,True
XBIO,5.22587,True
XBIT,529.6321,True
XCUR,164.862,True
XEC,2746.12,True
XEL,36784.47,True
XELA,51.90927,True
XELB,14.62136,True
XENE,392.6433,True
XENT,593.7064,True
XERS,207.3416,True
XFLT,0,True
XFOR,133.615,True
XGN,155.2242,True
XHR,1077.03,True
XLNX,24832.07,True
XLRN,5411.081,True
XNCR,1924.506,True
XOM,165239.4,True
XOMA,211.1076,True
XONE,227.9583,True
XP,25829.77,True
XPEL,650.8289,True
XPER,1287.556,True
XPL,23.11694,True
XPO,7988.254,True
XRAY,9779.898,True
XRX,3972.704,True
XSPA,123.0504,True
XTNT,10.54579,True
XXII,83.40971,True
XYL,14733.27,True
Y,7896.36,True
YCBD,124.0114,True
YELP,1605.981,True
YETI,4307.936,True
YEXT,1967.607,True
YGYI,20.61113,True
YMAB,1538.958,True
YNDX,22558.79,True
YORW,582.002,True
YRCW,221.6602,True
YTEN,12.90412,True
YTRA,34.42418,True
YUM,28699.27,True
YUMC,20300.67,True
YVR,14.64249,True
Z,,False
ZAGG,96.32453,True
ZBH,28945.57,True
ZBRA,13897.7,True
ZCMD,42.85404,True
ZDGE,18.17723,True
ZEN,11339.46,True
ZEUS,129.9086,True
ZG,19010.45,True
ZGNX,1313.559,True
ZGYH,88.37166,True
ZI,12693.42,True
ZION,5522.87,True
ZIOP,524.6698,True
ZIXI,320.5243,True
ZKIN,17.7171,True
ZM,105204.5,True
ZNGA,9410.086,True
ZNTL,1081.276,True
ZOM,64.47108,True
ZS,17533.82,True
ZSAN,108.3725,True
ZTR,378.5355,True
ZTS,74711.75,True
ZUMZ,694.0069,True
ZUO,1207.678,True
ZVO,145.2676,True
ZYME,1446.384,True
ZYNE,106.1963,True
ZYXI,503.2306,True
